label,text
ham,Your appointment is confirmed for tomorrow.
spam,Limited time offer! Get your free coupon today.
spam,Act now! Your account has won a cash reward.
ham,I will send the files later today.
ham,Thanks for helping me with the assignment.
ham,"Thanks, I received your message."
ham,Please update the spreadsheet before the meeting.
spam,WIN BIG! Click now to claim your amazing prize.
ham,Please update the spreadsheet before the meeting.
spam,You have won a lottery worth $100. Claim your prize!
ham,I have completed the work. Please check it.
spam,Click now and receive your free bonus.
spam,You have won a shopping voucher. Redeem it immediately.
spam,Earn money from home with no investment. Join now!
ham,Please remember to bring your laptop to the meeting.
ham,I have completed the work. Please check it.
ham,Your interview is confirmed for Friday at 9 AM.
ham,I will be available after 3 PM.
spam,You are a lucky winner! Send your details to receive the prize.
ham,Your package is ready for pickup.
spam,Important! Verify your account now to receive your reward.
spam,Don't miss this amazing offer. Buy now and save big!
ham,"Thanks, I received your message."
ham,Your appointment is confirmed for tomorrow.
ham,The requested information is included in the document.
spam,Your account has been selected for a cash bonus.
ham,Your meeting is scheduled for Monday at 2 PM.
spam,URGENT! You have been selected for a FREE iPhone. Click here now!
ham,I have completed the work. Please check it.
spam,Instant cash reward available. Apply now!
spam,Get 50% OFF on all products. Buy now!
ham,The team meeting has been moved to Friday.
ham,I will send the files later today.
ham,Can we meet tomorrow at 2 PM to discuss the project?
ham,Your package is ready for pickup.
ham,Your order has been shipped and will arrive tomorrow.
ham,The requested information is included in the document.
ham,Can you share the presentation with me?
spam,Win a brand new car! Enter the contest today.
spam,Limited time offer! Get your free coupon today.
ham,Please review the document and share your feedback.
ham,Your meeting is scheduled for Monday at 2 PM.
spam,Exclusive offer! Get a FREE gift by clicking this link.
ham,Please let me know if you need any changes.
spam,Your FREE subscription is waiting. Activate it today.
spam,Congratulations! You have received a special bonus.
spam,Your mobile number has won a lucky draw prize!
ham,Let's discuss the project after lunch.
ham,Please remember to bring your laptop to the meeting.
ham,Let's discuss the project after lunch.
ham,Please send me the assignment before the deadline.
spam,Your mobile number has won a lucky draw prize!
ham,The payment receipt has been sent to your email.
spam,Make $5000 every day from home. Sign up now!
spam,Exclusive offer! Get a FREE gift by clicking this link.
ham,The project deadline is next week.
spam,Limited time offer! Get your free coupon today.
spam,Your FREE subscription is waiting. Activate it today.
spam,Your account has been selected for a cash bonus.
ham,The class will start at 4 PM tomorrow.
ham,Thank you for your email. I will reply soon.
spam,Your FREE subscription is waiting. Activate it today.
spam,Exclusive offer! Get a FREE gift by clicking this link.
spam,Exclusive winner notification: claim your prize today.
ham,Please let me know if you need any changes.
spam,Free gift available for selected users. Claim now!
ham,Your package is ready for pickup.
spam,Get 50% OFF on all products. Buy now!
ham,Can we meet tomorrow at 2 PM to discuss the project?
spam,Win a brand new car! Enter the contest today.
spam,Don't miss this amazing offer. Buy now and save big!
ham,Please review the document and share your feedback.
ham,Let's discuss the project after lunch.
ham,Your order has been shipped and will arrive tomorrow.
spam,Important! Verify your account now to receive your reward.
ham,Your meeting is scheduled for Monday at 9 AM.
ham,The class will start at 10 AM tomorrow.
ham,I have attached the requested documents.
ham,Your meeting is scheduled for Monday at 4 PM.
spam,Instant cash reward available. Apply now!
ham,I will be available after 3 PM.
ham,Please remember to bring your laptop to the meeting.
spam,Limited time offer! Get your free coupon today.
ham,The requested information is included in the document.
spam,You have won a lottery worth $500. Claim your prize!
ham,Your package is ready for pickup.
spam,Your account has been selected for a cash bonus.
spam,Congratulations! You have received a special bonus.
spam,Get rich quickly with this limited-time opportunity.
spam,Final notice! Claim your prize before it expires.
ham,I will be available after 3 PM.
ham,The requested information is included in the document.
spam,Congratulations! You have received a special bonus.
ham,Please let me know if you need any changes.
spam,Important! Verify your account now to receive your reward.
spam,Limited time offer! Get your free coupon today.
ham,"Thanks, I received your message."
ham,The requested information is included in the document.
ham,Please call me when you are free.
ham,Can you share the presentation with me?
ham,Could you please confirm the meeting time?
ham,Could you please confirm the meeting time?
spam,Special promotion: claim your FREE voucher today.
ham,The class will start at 10 AM tomorrow.
ham,Your meeting is scheduled for Monday at 2 PM.
spam,Final notice! Claim your prize before it expires.
ham,The project deadline is next week.
ham,The requested information is included in the document.
ham,The class will start at 3 PM tomorrow.
ham,I will send the files later today.
ham,The team meeting has been moved to Friday.
spam,Congratulations! You have won $2500 cash prize. Claim now!
ham,Thanks for helping me with the assignment.
ham,The class will start at 3 PM tomorrow.
ham,The payment receipt has been sent to your email.
spam,Free gift available for selected users. Claim now!
ham,Please update the spreadsheet before the meeting.
ham,Can you share the presentation with me?
spam,Final notice! Claim your prize before it expires.
spam,Congratulations! You are eligible for a special reward.
ham,Please let me know if you need any changes.
spam,FREE MONEY! Claim your reward before it expires.
spam,Win a brand new car! Enter the contest today.
spam,You have won a lottery worth $5000. Claim your prize!
spam,URGENT! You have been selected for a FREE iPhone. Click here now!
ham,"Thanks, I received your message."
ham,Could you please confirm the meeting time?
ham,Your package is ready for pickup.
spam,Act now! Your account has won a cash reward.
ham,Your meeting is scheduled for Monday at 4 PM.
spam,Important! Verify your account now to receive your reward.
ham,The payment receipt has been sent to your email.
ham,Your interview is confirmed for Friday at 10 AM.
ham,Your meeting is scheduled for Monday at 10 AM.
ham,"Hi Sam, please find the project report attached."
ham,Your order has been shipped and will arrive tomorrow.
ham,Your meeting is scheduled for Monday at 11 AM.
ham,Please review the document and share your feedback.
spam,Click now and receive your free bonus.
spam,Your FREE subscription is waiting. Activate it today.
ham,Can you share the presentation with me?
ham,I have completed the work. Please check it.
ham,Your order has been shipped and will arrive tomorrow.
spam,Your FREE subscription is waiting. Activate it today.
ham,The requested information is included in the document.
spam,Click now and receive your free bonus.
spam,Act now! Your account has won a cash reward.
ham,"Thanks, I received your message."
spam,You have won a lottery worth $1000. Claim your prize!
ham,Your order has been shipped and will arrive tomorrow.
ham,Your appointment is confirmed for tomorrow.
spam,Click now and receive your free bonus.
spam,You are selected for a $100 reward. Claim immediately!
ham,The project deadline is next week.
spam,Final notice! Claim your prize before it expires.
ham,The project deadline is next week.
ham,I have attached the requested documents.
ham,"Hi Neha, please find the project report attached."
spam,Limited time offer! Get your free coupon today.
ham,Your package is ready for pickup.
ham,Thanks for helping me with the assignment.
ham,Can you share the presentation with me?
ham,The team meeting has been moved to Friday.
ham,I will send the files later today.
spam,Exclusive winner notification: claim your prize today.
ham,Let's discuss the project after lunch.
spam,Important! Verify your account now to receive your reward.
ham,Your interview is confirmed for Friday at 2 PM.
ham,Please send me the assignment before the deadline.
spam,Your account has been selected for a cash bonus.
ham,Please remember to bring your laptop to the meeting.
spam,Win a brand new car! Enter the contest today.
ham,Please call me when you are free.
ham,Please let me know if you need any changes.
spam,WIN BIG! Click now to claim your amazing prize.
ham,Your package is ready for pickup.
spam,Your FREE subscription is waiting. Activate it today.
ham,Can we meet tomorrow at 3 PM to discuss the project?
ham,Please remember to bring your laptop to the meeting.
spam,Instant cash reward available. Apply now!
ham,The exam timetable has been uploaded.
ham,Your interview is confirmed for Friday at 3 PM.
spam,Your account has been selected for a cash bonus.
ham,The class will start at 2 PM tomorrow.
ham,The class will start at 10 AM tomorrow.
ham,Your package is ready for pickup.
spam,Exclusive offer! Get a FREE gift by clicking this link.
ham,The exam timetable has been uploaded.
spam,Congratulations! You are eligible for a special reward.
spam,Win a brand new car! Enter the contest today.
ham,Thank you for your email. I will reply soon.
ham,Can you share the presentation with me?
spam,Instant cash reward available. Apply now!
ham,Can we meet tomorrow at 3 PM to discuss the project?
spam,Final notice! Claim your prize before it expires.
ham,Your package is ready for pickup.
spam,Important! Verify your account now to receive your reward.
spam,FREE MONEY! Claim your reward before it expires.
spam,Your account has been selected for a cash bonus.
spam,Final notice! Claim your prize before it expires.
ham,The requested information is included in the document.
ham,I have completed the work. Please check it.
ham,Please update the spreadsheet before the meeting.
spam,Exclusive offer! Get a FREE gift by clicking this link.
spam,Make $5000 every day from home. Sign up now!
ham,Your meeting is scheduled for Monday at 2 PM.
ham,Your meeting is scheduled for Monday at 4 PM.
ham,The payment receipt has been sent to your email.
spam,Congratulations! You have received a special bonus.
ham,Please send me the assignment before the deadline.
ham,Your meeting is scheduled for Monday at 11 AM.
spam,Your mobile number has won a lucky draw prize!
spam,Don't miss this amazing offer. Buy now and save big!
spam,You have won a lottery worth $100. Claim your prize!
spam,You are a lucky winner! Send your details to receive the prize.
spam,You are a lucky winner! Send your details to receive the prize.
spam,Get rich quickly with this limited-time opportunity.
spam,Click now and receive your free bonus.
spam,WIN BIG! Click now to claim your amazing prize.
spam,Exclusive offer! Get a FREE gift by clicking this link.
spam,Don't miss this amazing offer. Buy now and save big!
ham,Your appointment is confirmed for tomorrow.
ham,Please call me when you are free.
spam,FREE MONEY! Claim your reward before it expires.
ham,Thank you for your email. I will reply soon.
spam,Your FREE subscription is waiting. Activate it today.
spam,Click now and receive your free bonus.
ham,Please send me the assignment before the deadline.
ham,Please review the document and share your feedback.
ham,I have completed the work. Please check it.
spam,Instant cash reward available. Apply now!
spam,Congratulations! You have received a special bonus.
ham,The payment receipt has been sent to your email.
spam,Congratulations! You have won $1000 cash prize. Claim now!
spam,Don't miss this amazing offer. Buy now and save big!
spam,Instant cash reward available. Apply now!
spam,Get 50% OFF on all products. Buy now!
ham,I will send the files later today.
ham,I will send the files later today.
spam,Free gift available for selected users. Claim now!
ham,Please update the spreadsheet before the meeting.
spam,Get 95% OFF on all products. Buy now!
ham,Your interview is confirmed for Friday at 3 PM.
ham,Can you share the presentation with me?
spam,Earn money from home with no investment. Join now!
ham,The requested information is included in the document.
spam,Special promotion: claim your FREE voucher today.
ham,Can we meet tomorrow at 9 AM to discuss the project?
ham,I have completed the work. Please check it.
spam,Get rich quickly with this limited-time opportunity.
spam,Limited time offer! Get your free coupon today.
spam,Exclusive winner notification: claim your prize today.
spam,Congratulations! You have won $2500 cash prize. Claim now!
spam,Your FREE subscription is waiting. Activate it today.
spam,You are selected for a $1000 reward. Claim immediately!
ham,The exam timetable has been uploaded.
spam,Important! Verify your account now to receive your reward.
ham,Please send me the assignment before the deadline.
spam,Get rich quickly with this limited-time opportunity.
ham,Can you share the presentation with me?
spam,Click now and receive your free bonus.
spam,Earn money from home with no investment. Join now!
ham,I will be available after 3 PM.
spam,Act now! Your account has won a cash reward.
spam,Exclusive offer! Get a FREE gift by clicking this link.
spam,Your FREE subscription is waiting. Activate it today.
spam,Earn money from home with no investment. Join now!
spam,Limited time offer! Get your free coupon today.
ham,Can we meet tomorrow at 4 PM to discuss the project?
ham,The exam timetable has been uploaded.
ham,The report is ready for your review.
ham,Your package is ready for pickup.
spam,Congratulations! You have won $2500 cash prize. Claim now!
spam,Congratulations! You are eligible for a special reward.
ham,Your interview is confirmed for Friday at 3 PM.
spam,Get rich quickly with this limited-time opportunity.
spam,Don't miss this amazing offer. Buy now and save big!
spam,You are a lucky winner! Send your details to receive the prize.
ham,Please review the document and share your feedback.
spam,Act now! Your account has won a cash reward.
spam,Special promotion: claim your FREE voucher today.
spam,Important! Verify your account now to receive your reward.
spam,Special promotion: claim your FREE voucher today.
ham,Thanks for helping me with the assignment.
ham,Please call me when you are free.
spam,You have won a shopping voucher. Redeem it immediately.
ham,Can you share the presentation with me?
spam,Get rich quickly with this limited-time opportunity.
spam,You have won a shopping voucher. Redeem it immediately.
spam,You have been chosen for an exclusive cash giveaway.
spam,Make $5000 every day from home. Sign up now!
spam,Exclusive winner notification: claim your prize today.
spam,Important! Verify your account now to receive your reward.
spam,Earn money from home with no investment. Join now!
ham,Can you share the presentation with me?
spam,You are a lucky winner! Send your details to receive the prize.
ham,Please remember to bring your laptop to the meeting.
ham,The report is ready for your review.
ham,I have completed the work. Please check it.
ham,Can we meet tomorrow at 2 PM to discuss the project?
ham,"Thanks, I received your message."
ham,Let's discuss the project after lunch.
ham,Can we meet tomorrow at 11 AM to discuss the project?
ham,The team meeting has been moved to Friday.
ham,Your package is ready for pickup.
ham,Your appointment is confirmed for tomorrow.
ham,I will send the files later today.
spam,Your mobile number has won a lucky draw prize!
ham,Please remember to bring your laptop to the meeting.
spam,You have won a shopping voucher. Redeem it immediately.
ham,I have completed the work. Please check it.
spam,Your account has been selected for a cash bonus.
ham,The requested information is included in the document.
ham,The exam timetable has been uploaded.
ham,Please let me know if you need any changes.
ham,The report is ready for your review.
ham,Can you share the presentation with me?
ham,Your interview is confirmed for Friday at 11 AM.
spam,Important! Verify your account now to receive your reward.
spam,Don't miss this amazing offer. Buy now and save big!
spam,Get 50% OFF on all products. Buy now!
ham,I will be available after 3 PM.
ham,"Thanks, I received your message."
ham,Please remember to bring your laptop to the meeting.
ham,Let's discuss the project after lunch.
spam,Win a brand new car! Enter the contest today.
ham,The project deadline is next week.
ham,Can we meet tomorrow at 11 AM to discuss the project?
spam,Final notice! Claim your prize before it expires.
spam,Congratulations! You have won $5000 cash prize. Claim now!
ham,Your order has been shipped and will arrive tomorrow.
ham,The report is ready for your review.
ham,Let's discuss the project after lunch.
spam,FREE MONEY! Claim your reward before it expires.
ham,The project deadline is next week.
spam,Congratulations! You are eligible for a special reward.
spam,Limited time offer! Get your free coupon today.
ham,Thank you for your email. I will reply soon.
ham,The report is ready for your review.
spam,Your FREE subscription is waiting. Activate it today.
spam,Congratulations! You are eligible for a special reward.
spam,Exclusive winner notification: claim your prize today.
ham,Your interview is confirmed for Friday at 2 PM.
spam,Your FREE subscription is waiting. Activate it today.
spam,Important! Verify your account now to receive your reward.
ham,The exam timetable has been uploaded.
ham,Please let me know if you need any changes.
ham,I have completed the work. Please check it.
spam,Special promotion: claim your FREE voucher today.
ham,I have attached the requested documents.
spam,Limited time offer! Get your free coupon today.
spam,Final notice! Claim your prize before it expires.
ham,Please review the document and share your feedback.
spam,Make $10000 every day from home. Sign up now!
spam,Instant cash reward available. Apply now!
spam,Exclusive offer! Get a FREE gift by clicking this link.
ham,Your package is ready for pickup.
spam,Congratulations! You have received a special bonus.
spam,Earn money from home with no investment. Join now!
spam,Instant cash reward available. Apply now!
ham,The exam timetable has been uploaded.
ham,Can we meet tomorrow at 10 AM to discuss the project?
spam,Exclusive offer! Get a FREE gift by clicking this link.
spam,Don't miss this amazing offer. Buy now and save big!
spam,Your mobile number has won a lucky draw prize!
ham,Thanks for helping me with the assignment.
spam,Congratulations! You have won $10000 cash prize. Claim now!
ham,The report is ready for your review.
ham,The payment receipt has been sent to your email.
ham,Please send me the assignment before the deadline.
spam,Win a brand new car! Enter the contest today.
ham,Please review the document and share your feedback.
spam,Earn money from home with no investment. Join now!
spam,WIN BIG! Click now to claim your amazing prize.
spam,Act now! Your account has won a cash reward.
ham,Your appointment is confirmed for tomorrow.
spam,Get 50% OFF on all products. Buy now!
spam,Exclusive winner notification: claim your prize today.
spam,Your FREE subscription is waiting. Activate it today.
spam,WIN BIG! Click now to claim your amazing prize.
ham,Please review the document and share your feedback.
spam,Get rich quickly with this limited-time opportunity.
ham,The payment receipt has been sent to your email.
ham,Your package is ready for pickup.
ham,"Hi Neha, please find the project report attached."
ham,Your interview is confirmed for Friday at 4 PM.
spam,You are selected for a $2500 reward. Claim immediately!
spam,Get rich quickly with this limited-time opportunity.
spam,Win a brand new car! Enter the contest today.
ham,Your interview is confirmed for Friday at 10 AM.
ham,Your order has been shipped and will arrive tomorrow.
ham,Your meeting is scheduled for Monday at 9 AM.
spam,Earn money from home with no investment. Join now!
ham,The report is ready for your review.
spam,Win a brand new car! Enter the contest today.
spam,Don't miss this amazing offer. Buy now and save big!
spam,Limited time offer! Get your free coupon today.
ham,Please call me when you are free.
spam,Important! Verify your account now to receive your reward.
spam,You have been chosen for an exclusive cash giveaway.
spam,Get 95% OFF on all products. Buy now!
ham,Please remember to bring your laptop to the meeting.
ham,The report is ready for your review.
ham,Let's discuss the project after lunch.
spam,Congratulations! You have won $5000 cash prize. Claim now!
spam,Your account has been selected for a cash bonus.
spam,Important! Verify your account now to receive your reward.
spam,WIN BIG! Click now to claim your amazing prize.
ham,The project deadline is next week.
ham,The exam timetable has been uploaded.
spam,Final notice! Claim your prize before it expires.
ham,I will send the files later today.
spam,Make $10000 every day from home. Sign up now!
spam,Congratulations! You have received a special bonus.
ham,Please review the document and share your feedback.
ham,Please let me know if you need any changes.
spam,Important! Verify your account now to receive your reward.
ham,I have completed the work. Please check it.
spam,Earn money from home with no investment. Join now!
ham,The exam timetable has been uploaded.
ham,Can we meet tomorrow at 4 PM to discuss the project?
ham,Please call me when you are free.
spam,Important! Verify your account now to receive your reward.
ham,Can you share the presentation with me?
ham,Let's discuss the project after lunch.
spam,You are selected for a $2500 reward. Claim immediately!
spam,Your FREE subscription is waiting. Activate it today.
ham,Your order has been shipped and will arrive tomorrow.
ham,Your appointment is confirmed for tomorrow.
ham,Your order has been shipped and will arrive tomorrow.
spam,Act now! Your account has won a cash reward.
ham,Your package is ready for pickup.
spam,Instant cash reward available. Apply now!
spam,WIN BIG! Click now to claim your amazing prize.
spam,Your mobile number has won a lucky draw prize!
spam,You have been chosen for an exclusive cash giveaway.
spam,You are a lucky winner! Send your details to receive the prize.
spam,Click now and receive your free bonus.
spam,Your mobile number has won a lucky draw prize!
ham,Please remember to bring your laptop to the meeting.
ham,The report is ready for your review.
ham,I have attached the requested documents.
ham,The payment receipt has been sent to your email.
ham,I have attached the requested documents.
ham,Can we meet tomorrow at 3 PM to discuss the project?
ham,Can we meet tomorrow at 11 AM to discuss the project?
ham,I have attached the requested documents.
spam,Congratulations! You have won $100 cash prize. Claim now!
ham,Your package is ready for pickup.
spam,URGENT! You have been selected for a FREE iPhone. Click here now!
spam,Get rich quickly with this limited-time opportunity.
spam,Click now and receive your free bonus.
ham,Your interview is confirmed for Friday at 10 AM.
ham,The exam timetable has been uploaded.
ham,I have completed the work. Please check it.
ham,Please send me the assignment before the deadline.
spam,You have won a lottery worth $100. Claim your prize!
ham,I will be available after 3 PM.
ham,The report is ready for your review.
ham,Please call me when you are free.
spam,You have been chosen for an exclusive cash giveaway.
spam,You have won a shopping voucher. Redeem it immediately.
ham,The requested information is included in the document.
ham,"Hi John, please find the project report attached."
spam,Your account has been selected for a cash bonus.
ham,Thanks for helping me with the assignment.
spam,Earn money from home with no investment. Join now!
spam,Free gift available for selected users. Claim now!
spam,Free gift available for selected users. Claim now!
spam,Free gift available for selected users. Claim now!
spam,Get rich quickly with this limited-time opportunity.
spam,Congratulations! You are eligible for a special reward.
spam,WIN BIG! Click now to claim your amazing prize.
spam,Important! Verify your account now to receive your reward.
spam,FREE MONEY! Claim your reward before it expires.
ham,Your appointment is confirmed for tomorrow.
spam,Congratulations! You are eligible for a special reward.
spam,URGENT! You have been selected for a FREE iPhone. Click here now!
spam,Make $500 every day from home. Sign up now!
ham,The payment receipt has been sent to your email.
spam,Don't miss this amazing offer. Buy now and save big!
ham,The project deadline is next week.
ham,The requested information is included in the document.
ham,Your appointment is confirmed for tomorrow.
ham,The team meeting has been moved to Friday.
spam,Your account has been selected for a cash bonus.
ham,I will send the files later today.
ham,Can we meet tomorrow at 2 PM to discuss the project?
ham,The requested information is included in the document.
spam,Exclusive winner notification: claim your prize today.
ham,The exam timetable has been uploaded.
ham,Let's discuss the project after lunch.
ham,The exam timetable has been uploaded.
spam,Exclusive offer! Get a FREE gift by clicking this link.
ham,Let's discuss the project after lunch.
ham,Please review the document and share your feedback.
ham,The payment receipt has been sent to your email.
spam,Free gift available for selected users. Claim now!
ham,Thanks for helping me with the assignment.
ham,Please send me the assignment before the deadline.
spam,Your FREE subscription is waiting. Activate it today.
ham,Please review the document and share your feedback.
ham,Your order has been shipped and will arrive tomorrow.
ham,The class will start at 3 PM tomorrow.
ham,Thanks for helping me with the assignment.
spam,Important! Verify your account now to receive your reward.
ham,The team meeting has been moved to Friday.
spam,Get 50% OFF on all products. Buy now!
ham,Your package is ready for pickup.
spam,WIN BIG! Click now to claim your amazing prize.
ham,Your order has been shipped and will arrive tomorrow.
ham,Let's discuss the project after lunch.
ham,Let's discuss the project after lunch.
spam,Special promotion: claim your FREE voucher today.
spam,WIN BIG! Click now to claim your amazing prize.
ham,Thank you for your email. I will reply soon.
spam,You are a lucky winner! Send your details to receive the prize.
ham,Please review the document and share your feedback.
spam,Free gift available for selected users. Claim now!
spam,Important! Verify your account now to receive your reward.
spam,Congratulations! You have won $10000 cash prize. Claim now!
ham,"Thanks, I received your message."
spam,FREE MONEY! Claim your reward before it expires.
ham,Thank you for your email. I will reply soon.
ham,Thanks for helping me with the assignment.
ham,I will send the files later today.
spam,Limited time offer! Get your free coupon today.
spam,Your FREE subscription is waiting. Activate it today.
ham,The report is ready for your review.
spam,Congratulations! You are eligible for a special reward.
ham,Can you share the presentation with me?
ham,Thanks for helping me with the assignment.
ham,Please call me when you are free.
spam,Important! Verify your account now to receive your reward.
ham,I will send the files later today.
spam,Your FREE subscription is waiting. Activate it today.
spam,Congratulations! You are eligible for a special reward.
spam,Congratulations! You have received a special bonus.
ham,The team meeting has been moved to Friday.
ham,Please review the document and share your feedback.
ham,I will be available after 3 PM.
spam,Get rich quickly with this limited-time opportunity.
ham,Your package is ready for pickup.
spam,FREE MONEY! Claim your reward before it expires.
ham,The project deadline is next week.
ham,I have completed the work. Please check it.
ham,Thank you for your email. I will reply soon.
ham,The class will start at 11 AM tomorrow.
spam,Congratulations! You have received a special bonus.
spam,Get 90% OFF on all products. Buy now!
ham,Your order has been shipped and will arrive tomorrow.
ham,Can you share the presentation with me?
ham,Please call me when you are free.
spam,Congratulations! You have won $5000 cash prize. Claim now!
spam,You have won a shopping voucher. Redeem it immediately.
spam,URGENT! You have been selected for a FREE iPhone. Click here now!
ham,I have completed the work. Please check it.
spam,You are selected for a $1000 reward. Claim immediately!
spam,Win a brand new car! Enter the contest today.
ham,Your order has been shipped and will arrive tomorrow.
ham,Please call me when you are free.
ham,"Thanks, I received your message."
spam,Exclusive winner notification: claim your prize today.
spam,Earn money from home with no investment. Join now!
spam,Congratulations! You have received a special bonus.
spam,WIN BIG! Click now to claim your amazing prize.
spam,Your account has been selected for a cash bonus.
ham,Thanks for helping me with the assignment.
spam,Click now and receive your free bonus.
spam,Make $500 every day from home. Sign up now!
ham,The payment receipt has been sent to your email.
ham,"Hi John, please find the project report attached."
spam,You are a lucky winner! Send your details to receive the prize.
ham,Your package is ready for pickup.
spam,Get 50% OFF on all products. Buy now!
ham,The requested information is included in the document.
spam,Act now! Your account has won a cash reward.
ham,"Thanks, I received your message."
spam,Congratulations! You have received a special bonus.
spam,You have won a lottery worth $500. Claim your prize!
spam,Important! Verify your account now to receive your reward.
spam,Congratulations! You have won $1000 cash prize. Claim now!
spam,Special promotion: claim your FREE voucher today.
ham,The class will start at 10 AM tomorrow.
ham,I have attached the requested documents.
spam,Free gift available for selected users. Claim now!
ham,Please let me know if you need any changes.
ham,Can we meet tomorrow at 4 PM to discuss the project?
spam,Get 80% OFF on all products. Buy now!
ham,Your meeting is scheduled for Monday at 4 PM.
ham,Could you please confirm the meeting time?
spam,Important! Verify your account now to receive your reward.
ham,Thanks for helping me with the assignment.
ham,Can we meet tomorrow at 3 PM to discuss the project?
ham,Your order has been shipped and will arrive tomorrow.
spam,FREE MONEY! Claim your reward before it expires.
spam,Win a brand new car! Enter the contest today.
spam,Your FREE subscription is waiting. Activate it today.
spam,Don't miss this amazing offer. Buy now and save big!
spam,Your account has been selected for a cash bonus.
spam,Exclusive offer! Get a FREE gift by clicking this link.
ham,The exam timetable has been uploaded.
ham,Your interview is confirmed for Friday at 2 PM.
ham,I have attached the requested documents.
ham,The report is ready for your review.
ham,Your order has been shipped and will arrive tomorrow.
spam,Important! Verify your account now to receive your reward.
ham,I have attached the requested documents.
ham,The project deadline is next week.
ham,I will be available after 3 PM.
ham,Can you share the presentation with me?
ham,Your meeting is scheduled for Monday at 10 AM.
spam,You have won a lottery worth $100. Claim your prize!
ham,I will send the files later today.
ham,Please call me when you are free.
ham,I have completed the work. Please check it.
ham,I will send the files later today.
ham,Thank you for your email. I will reply soon.
ham,Can you share the presentation with me?
ham,The class will start at 3 PM tomorrow.
spam,Don't miss this amazing offer. Buy now and save big!
spam,Congratulations! You have received a special bonus.
spam,Special promotion: claim your FREE voucher today.
ham,Your meeting is scheduled for Monday at 11 AM.
spam,URGENT! You have been selected for a FREE iPhone. Click here now!
ham,Can you share the presentation with me?
spam,Free gift available for selected users. Claim now!
spam,Win a brand new car! Enter the contest today.
spam,You are a lucky winner! Send your details to receive the prize.
ham,Please review the document and share your feedback.
spam,URGENT! You have been selected for a FREE iPhone. Click here now!
spam,Win a brand new car! Enter the contest today.
spam,Get 50% OFF on all products. Buy now!
spam,Congratulations! You are eligible for a special reward.
ham,I have attached the requested documents.
ham,Let's discuss the project after lunch.
ham,Your meeting is scheduled for Monday at 2 PM.
spam,You are selected for a $2500 reward. Claim immediately!
ham,Let's discuss the project after lunch.
spam,FREE MONEY! Claim your reward before it expires.
ham,I will be available after 3 PM.
ham,Your meeting is scheduled for Monday at 10 AM.
ham,Please call me when you are free.
spam,Your account has been selected for a cash bonus.
spam,Congratulations! You are eligible for a special reward.
spam,FREE MONEY! Claim your reward before it expires.
ham,The exam timetable has been uploaded.
ham,Your interview is confirmed for Friday at 9 AM.
ham,Your interview is confirmed for Friday at 10 AM.
ham,Your appointment is confirmed for tomorrow.
ham,I will be available after 3 PM.
ham,I have completed the work. Please check it.
ham,"Thanks, I received your message."
spam,Earn money from home with no investment. Join now!
spam,Your mobile number has won a lucky draw prize!
ham,Please let me know if you need any changes.
spam,Congratulations! You have received a special bonus.
ham,Please review the document and share your feedback.
ham,Please send me the assignment before the deadline.
spam,Limited time offer! Get your free coupon today.
ham,Please update the spreadsheet before the meeting.
ham,Your order has been shipped and will arrive tomorrow.
spam,Act now! Your account has won a cash reward.
spam,Get rich quickly with this limited-time opportunity.
spam,Make $5000 every day from home. Sign up now!
ham,The requested information is included in the document.
spam,Limited time offer! Get your free coupon today.
ham,"Hi Neha, please find the project report attached."
spam,You have won a shopping voucher. Redeem it immediately.
ham,Please call me when you are free.
spam,You are selected for a $100 reward. Claim immediately!
spam,Congratulations! You are eligible for a special reward.
spam,You have won a lottery worth $500. Claim your prize!
ham,Please remember to bring your laptop to the meeting.
spam,Free gift available for selected users. Claim now!
spam,You have been chosen for an exclusive cash giveaway.
spam,Don't miss this amazing offer. Buy now and save big!
spam,WIN BIG! Click now to claim your amazing prize.
spam,Your mobile number has won a lucky draw prize!
spam,Important! Verify your account now to receive your reward.
spam,Get 80% OFF on all products. Buy now!
spam,FREE MONEY! Claim your reward before it expires.
spam,Final notice! Claim your prize before it expires.
spam,URGENT! You have been selected for a FREE iPhone. Click here now!
spam,You have won a shopping voucher. Redeem it immediately.
ham,The class will start at 3 PM tomorrow.
spam,Act now! Your account has won a cash reward.
ham,Your appointment is confirmed for tomorrow.
spam,Congratulations! You are eligible for a special reward.
ham,"Hi John, please find the project report attached."
spam,Limited time offer! Get your free coupon today.
spam,Congratulations! You have won $5000 cash prize. Claim now!
ham,The requested information is included in the document.
ham,Thank you for your email. I will reply soon.
spam,Free gift available for selected users. Claim now!
ham,I will be available after 3 PM.
ham,Can we meet tomorrow at 3 PM to discuss the project?
ham,The class will start at 9 AM tomorrow.
ham,Thanks for helping me with the assignment.
spam,Earn money from home with no investment. Join now!
ham,Your meeting is scheduled for Monday at 11 AM.
ham,Please remember to bring your laptop to the meeting.
ham,I will be available after 3 PM.
ham,Please let me know if you need any changes.
spam,Congratulations! You are eligible for a special reward.
ham,The payment receipt has been sent to your email.
ham,The report is ready for your review.
ham,I will send the files later today.
spam,Congratulations! You are eligible for a special reward.
ham,Thank you for your email. I will reply soon.
spam,Get 80% OFF on all products. Buy now!
ham,Please send me the assignment before the deadline.
spam,Exclusive winner notification: claim your prize today.
spam,Don't miss this amazing offer. Buy now and save big!
spam,Earn money from home with no investment. Join now!
spam,You are a lucky winner! Send your details to receive the prize.
spam,Free gift available for selected users. Claim now!
spam,Don't miss this amazing offer. Buy now and save big!
spam,Your mobile number has won a lucky draw prize!
ham,The class will start at 3 PM tomorrow.
ham,Can you share the presentation with me?
ham,"Hi Amit, please find the project report attached."
ham,Your appointment is confirmed for tomorrow.
spam,Get rich quickly with this limited-time opportunity.
spam,Don't miss this amazing offer. Buy now and save big!
spam,Final notice! Claim your prize before it expires.
spam,Free gift available for selected users. Claim now!
spam,Limited time offer! Get your free coupon today.
ham,"Thanks, I received your message."
ham,Please review the document and share your feedback.
spam,You are a lucky winner! Send your details to receive the prize.
spam,Earn money from home with no investment. Join now!
spam,Instant cash reward available. Apply now!
ham,Can you share the presentation with me?
ham,Let's discuss the project after lunch.
ham,Please remember to bring your laptop to the meeting.
spam,Get 80% OFF on all products. Buy now!
spam,Click now and receive your free bonus.
ham,Could you please confirm the meeting time?
ham,"Thanks, I received your message."
spam,Earn money from home with no investment. Join now!
ham,Thanks for helping me with the assignment.
ham,Please remember to bring your laptop to the meeting.
ham,I have attached the requested documents.
spam,Instant cash reward available. Apply now!
spam,Act now! Your account has won a cash reward.
ham,Your appointment is confirmed for tomorrow.
spam,Final notice! Claim your prize before it expires.
ham,Please update the spreadsheet before the meeting.
ham,I have attached the requested documents.
ham,The payment receipt has been sent to your email.
spam,You are selected for a $5000 reward. Claim immediately!
ham,The report is ready for your review.
spam,Get rich quickly with this limited-time opportunity.
ham,Please update the spreadsheet before the meeting.
ham,Thanks for helping me with the assignment.
ham,Please call me when you are free.
ham,Your order has been shipped and will arrive tomorrow.
ham,Please remember to bring your laptop to the meeting.
ham,Can we meet tomorrow at 3 PM to discuss the project?
spam,Make $1000 every day from home. Sign up now!
spam,Don't miss this amazing offer. Buy now and save big!
ham,The exam timetable has been uploaded.
spam,Act now! Your account has won a cash reward.
ham,Thanks for helping me with the assignment.
spam,Free gift available for selected users. Claim now!
spam,Don't miss this amazing offer. Buy now and save big!
ham,Can we meet tomorrow at 3 PM to discuss the project?
spam,Free gift available for selected users. Claim now!
ham,I have attached the requested documents.
ham,The project deadline is next week.
spam,You have won a shopping voucher. Redeem it immediately.
ham,The team meeting has been moved to Friday.
ham,Thanks for helping me with the assignment.
spam,Act now! Your account has won a cash reward.
spam,WIN BIG! Click now to claim your amazing prize.
spam,Exclusive winner notification: claim your prize today.
ham,Your appointment is confirmed for tomorrow.
ham,Please remember to bring your laptop to the meeting.
ham,The payment receipt has been sent to your email.
spam,Congratulations! You have received a special bonus.
spam,You have won a lottery worth $10000. Claim your prize!
spam,Win a brand new car! Enter the contest today.
spam,You have won a lottery worth $5000. Claim your prize!
ham,Your appointment is confirmed for tomorrow.
spam,Your mobile number has won a lucky draw prize!
ham,The project deadline is next week.
ham,Could you please confirm the meeting time?
spam,Special promotion: claim your FREE voucher today.
spam,Win a brand new car! Enter the contest today.
ham,I have completed the work. Please check it.
spam,Get 80% OFF on all products. Buy now!
spam,Your mobile number has won a lucky draw prize!
ham,Thanks for helping me with the assignment.
spam,Limited time offer! Get your free coupon today.
spam,Congratulations! You have received a special bonus.
ham,"Hi John, please find the project report attached."
spam,Special promotion: claim your FREE voucher today.
ham,Thanks for helping me with the assignment.
spam,Exclusive winner notification: claim your prize today.
ham,The team meeting has been moved to Friday.
spam,FREE MONEY! Claim your reward before it expires.
ham,The team meeting has been moved to Friday.
spam,FREE MONEY! Claim your reward before it expires.
spam,Congratulations! You have received a special bonus.
spam,Your mobile number has won a lucky draw prize!
spam,Get rich quickly with this limited-time opportunity.
spam,Click now and receive your free bonus.
spam,Congratulations! You have received a special bonus.
ham,Please let me know if you need any changes.
spam,Instant cash reward available. Apply now!
ham,Please remember to bring your laptop to the meeting.
ham,The report is ready for your review.
spam,Act now! Your account has won a cash reward.
spam,Congratulations! You have won $100 cash prize. Claim now!
spam,WIN BIG! Click now to claim your amazing prize.
spam,WIN BIG! Click now to claim your amazing prize.
spam,Act now! Your account has won a cash reward.
ham,Could you please confirm the meeting time?
ham,Thanks for helping me with the assignment.
ham,The payment receipt has been sent to your email.
ham,The team meeting has been moved to Friday.
spam,Instant cash reward available. Apply now!
spam,You are selected for a $500 reward. Claim immediately!
ham,The exam timetable has been uploaded.
ham,Please let me know if you need any changes.
ham,"Thanks, I received your message."
ham,Let's discuss the project after lunch.
spam,Final notice! Claim your prize before it expires.
spam,Congratulations! You have won $500 cash prize. Claim now!
spam,Your account has been selected for a cash bonus.
spam,You have won a lottery worth $5000. Claim your prize!
ham,Your interview is confirmed for Friday at 11 AM.
spam,Congratulations! You have received a special bonus.
spam,You have been chosen for an exclusive cash giveaway.
spam,Get rich quickly with this limited-time opportunity.
spam,Get 80% OFF on all products. Buy now!
ham,I will send the files later today.
ham,Your meeting is scheduled for Monday at 9 AM.
spam,Don't miss this amazing offer. Buy now and save big!
spam,Click now and receive your free bonus.
spam,Exclusive offer! Get a FREE gift by clicking this link.
ham,Your order has been shipped and will arrive tomorrow.
ham,Please update the spreadsheet before the meeting.
spam,You are selected for a $10000 reward. Claim immediately!
ham,The report is ready for your review.
ham,The report is ready for your review.
ham,Please update the spreadsheet before the meeting.
spam,You have won a lottery worth $500. Claim your prize!
ham,I have completed the work. Please check it.
ham,The report is ready for your review.
ham,The class will start at 10 AM tomorrow.
ham,"Thanks, I received your message."
ham,Please review the document and share your feedback.
spam,Your FREE subscription is waiting. Activate it today.
ham,Thanks for helping me with the assignment.
spam,Get rich quickly with this limited-time opportunity.
spam,FREE MONEY! Claim your reward before it expires.
ham,The exam timetable has been uploaded.
spam,Limited time offer! Get your free coupon today.
ham,Thanks for helping me with the assignment.
spam,Your FREE subscription is waiting. Activate it today.
spam,Don't miss this amazing offer. Buy now and save big!
ham,The class will start at 3 PM tomorrow.
spam,You have won a lottery worth $10000. Claim your prize!
ham,Your order has been shipped and will arrive tomorrow.
spam,Congratulations! You have received a special bonus.
ham,Please call me when you are free.
spam,Make $500 every day from home. Sign up now!
spam,Don't miss this amazing offer. Buy now and save big!
spam,Exclusive winner notification: claim your prize today.
ham,Could you please confirm the meeting time?
spam,Earn money from home with no investment. Join now!
ham,Please let me know if you need any changes.
spam,Limited time offer! Get your free coupon today.
spam,Your account has been selected for a cash bonus.
spam,WIN BIG! Click now to claim your amazing prize.
ham,Your meeting is scheduled for Monday at 2 PM.
spam,Instant cash reward available. Apply now!
spam,Congratulations! You have received a special bonus.
ham,The exam timetable has been uploaded.
spam,Act now! Your account has won a cash reward.
ham,Please send me the assignment before the deadline.
spam,You have won a shopping voucher. Redeem it immediately.
ham,I have completed the work. Please check it.
spam,You have won a lottery worth $100. Claim your prize!
ham,Your interview is confirmed for Friday at 9 AM.
spam,Important! Verify your account now to receive your reward.
spam,Win a brand new car! Enter the contest today.
spam,Click now and receive your free bonus.
spam,Your account has been selected for a cash bonus.
spam,WIN BIG! Click now to claim your amazing prize.
spam,Instant cash reward available. Apply now!
spam,Exclusive offer! Get a FREE gift by clicking this link.
spam,Exclusive offer! Get a FREE gift by clicking this link.
spam,Your mobile number has won a lucky draw prize!
spam,Limited time offer! Get your free coupon today.
spam,Final notice! Claim your prize before it expires.
ham,Thank you for your email. I will reply soon.
spam,Win a brand new car! Enter the contest today.
spam,Important! Verify your account now to receive your reward.
spam,Your mobile number has won a lucky draw prize!
ham,The payment receipt has been sent to your email.
ham,Thanks for helping me with the assignment.
spam,You have been chosen for an exclusive cash giveaway.
spam,Your account has been selected for a cash bonus.
ham,I have completed the work. Please check it.
spam,FREE MONEY! Claim your reward before it expires.
spam,WIN BIG! Click now to claim your amazing prize.
spam,Important! Verify your account now to receive your reward.
ham,The requested information is included in the document.
spam,WIN BIG! Click now to claim your amazing prize.
spam,Special promotion: claim your FREE voucher today.
ham,Your appointment is confirmed for tomorrow.
spam,Get rich quickly with this limited-time opportunity.
spam,FREE MONEY! Claim your reward before it expires.
ham,The requested information is included in the document.
ham,The payment receipt has been sent to your email.
spam,Important! Verify your account now to receive your reward.
ham,Please call me when you are free.
ham,Your order has been shipped and will arrive tomorrow.
ham,Your package is ready for pickup.
spam,Win a brand new car! Enter the contest today.
spam,You are a lucky winner! Send your details to receive the prize.
spam,Your account has been selected for a cash bonus.
spam,Free gift available for selected users. Claim now!
ham,Could you please confirm the meeting time?
spam,You are selected for a $500 reward. Claim immediately!
ham,Let's discuss the project after lunch.
spam,You have won a shopping voucher. Redeem it immediately.
spam,Instant cash reward available. Apply now!
ham,Your package is ready for pickup.
ham,Your appointment is confirmed for tomorrow.
ham,Let's discuss the project after lunch.
ham,I will be available after 3 PM.
ham,The class will start at 11 AM tomorrow.
spam,Get rich quickly with this limited-time opportunity.
spam,Important! Verify your account now to receive your reward.
ham,Please remember to bring your laptop to the meeting.
spam,Congratulations! You are eligible for a special reward.
spam,Your account has been selected for a cash bonus.
spam,Your mobile number has won a lucky draw prize!
spam,Free gift available for selected users. Claim now!
spam,You have been chosen for an exclusive cash giveaway.
ham,Please send me the assignment before the deadline.
spam,Make $2500 every day from home. Sign up now!
spam,Earn money from home with no investment. Join now!
spam,You are selected for a $1000 reward. Claim immediately!
ham,Let's discuss the project after lunch.
ham,Your interview is confirmed for Friday at 4 PM.
spam,You are a lucky winner! Send your details to receive the prize.
ham,The requested information is included in the document.
ham,I have attached the requested documents.
ham,"Hi Rahul, please find the project report attached."
spam,Earn money from home with no investment. Join now!
ham,The report is ready for your review.
spam,Make $10000 every day from home. Sign up now!
spam,Your account has been selected for a cash bonus.
ham,Please let me know if you need any changes.
spam,Limited time offer! Get your free coupon today.
ham,The exam timetable has been uploaded.
spam,You are selected for a $100 reward. Claim immediately!
spam,Get 90% OFF on all products. Buy now!
ham,Your order has been shipped and will arrive tomorrow.
spam,Final notice! Claim your prize before it expires.
spam,You have been chosen for an exclusive cash giveaway.
spam,You have been chosen for an exclusive cash giveaway.
spam,Exclusive winner notification: claim your prize today.
spam,You have won a lottery worth $2500. Claim your prize!
spam,Free gift available for selected users. Claim now!
spam,Click now and receive your free bonus.
spam,Final notice! Claim your prize before it expires.
spam,Congratulations! You have received a special bonus.
ham,The report is ready for your review.
spam,Win a brand new car! Enter the contest today.
ham,Thank you for your email. I will reply soon.
spam,Congratulations! You have won $100 cash prize. Claim now!
spam,Get 95% OFF on all products. Buy now!
ham,Thanks for helping me with the assignment.
spam,Your mobile number has won a lucky draw prize!
spam,Your account has been selected for a cash bonus.
spam,Make $2500 every day from home. Sign up now!
spam,Don't miss this amazing offer. Buy now and save big!
spam,Exclusive winner notification: claim your prize today.
spam,Free gift available for selected users. Claim now!
ham,"Hi Rahul, please find the project report attached."
spam,Instant cash reward available. Apply now!
spam,Earn money from home with no investment. Join now!
spam,Win a brand new car! Enter the contest today.
spam,Your mobile number has won a lucky draw prize!
ham,Thank you for your email. I will reply soon.
ham,Can we meet tomorrow at 10 AM to discuss the project?
spam,Don't miss this amazing offer. Buy now and save big!
spam,Your mobile number has won a lucky draw prize!
spam,Congratulations! You are eligible for a special reward.
ham,The class will start at 11 AM tomorrow.
spam,Free gift available for selected users. Claim now!
spam,Act now! Your account has won a cash reward.
ham,Please review the document and share your feedback.
spam,Earn money from home with no investment. Join now!
ham,Your package is ready for pickup.
ham,Your meeting is scheduled for Monday at 4 PM.
ham,Thank you for your email. I will reply soon.
ham,Thanks for helping me with the assignment.
ham,Please call me when you are free.
ham,Your interview is confirmed for Friday at 2 PM.
spam,Your FREE subscription is waiting. Activate it today.
ham,"Thanks, I received your message."
ham,I will be available after 3 PM.
spam,Click now and receive your free bonus.
ham,Thank you for your email. I will reply soon.
ham,Your appointment is confirmed for tomorrow.
spam,Important! Verify your account now to receive your reward.
ham,The class will start at 10 AM tomorrow.
ham,Your package is ready for pickup.
spam,Your account has been selected for a cash bonus.
ham,Could you please confirm the meeting time?
ham,Could you please confirm the meeting time?
ham,Your package is ready for pickup.
spam,Instant cash reward available. Apply now!
ham,"Hi Sam, please find the project report attached."
spam,Instant cash reward available. Apply now!
spam,You are a lucky winner! Send your details to receive the prize.
spam,Congratulations! You have won $10000 cash prize. Claim now!
spam,Limited time offer! Get your free coupon today.
ham,The report is ready for your review.
ham,Please remember to bring your laptop to the meeting.
ham,I will send the files later today.
spam,Don't miss this amazing offer. Buy now and save big!
spam,Congratulations! You are eligible for a special reward.
ham,Please call me when you are free.
ham,Please remember to bring your laptop to the meeting.
spam,Final notice! Claim your prize before it expires.
spam,Your mobile number has won a lucky draw prize!
ham,"Hi Priya, please find the project report attached."
spam,Congratulations! You have received a special bonus.
ham,Your appointment is confirmed for tomorrow.
spam,Exclusive offer! Get a FREE gift by clicking this link.
spam,Get 90% OFF on all products. Buy now!
ham,The payment receipt has been sent to your email.
ham,Please send me the assignment before the deadline.
ham,Your appointment is confirmed for tomorrow.
spam,Win a brand new car! Enter the contest today.
ham,Your meeting is scheduled for Monday at 2 PM.
ham,Your interview is confirmed for Friday at 3 PM.
ham,Can we meet tomorrow at 4 PM to discuss the project?
ham,Thank you for your email. I will reply soon.
ham,Your order has been shipped and will arrive tomorrow.
spam,Congratulations! You have won $100 cash prize. Claim now!
spam,Special promotion: claim your FREE voucher today.
ham,I have attached the requested documents.
spam,Exclusive winner notification: claim your prize today.
ham,Your package is ready for pickup.
ham,The team meeting has been moved to Friday.
ham,I have attached the requested documents.
ham,I will send the files later today.
ham,Please let me know if you need any changes.
ham,Please call me when you are free.
spam,Your account has been selected for a cash bonus.
spam,Don't miss this amazing offer. Buy now and save big!
spam,You are selected for a $5000 reward. Claim immediately!
spam,You have won a shopping voucher. Redeem it immediately.
ham,Please send me the assignment before the deadline.
spam,Your FREE subscription is waiting. Activate it today.
ham,Your interview is confirmed for Friday at 11 AM.
spam,Don't miss this amazing offer. Buy now and save big!
spam,Congratulations! You have won $5000 cash prize. Claim now!
ham,Can we meet tomorrow at 9 AM to discuss the project?
spam,Congratulations! You have received a special bonus.
ham,Could you please confirm the meeting time?
ham,Let's discuss the project after lunch.
spam,Make $500 every day from home. Sign up now!
ham,Your meeting is scheduled for Monday at 9 AM.
spam,Congratulations! You are eligible for a special reward.
spam,You have won a shopping voucher. Redeem it immediately.
spam,You have won a lottery worth $5000. Claim your prize!
ham,Your appointment is confirmed for tomorrow.
spam,Congratulations! You have won $100 cash prize. Claim now!
spam,Exclusive offer! Get a FREE gift by clicking this link.
spam,Important! Verify your account now to receive your reward.
spam,Final notice! Claim your prize before it expires.
ham,Please send me the assignment before the deadline.
spam,Free gift available for selected users. Claim now!
ham,The requested information is included in the document.
ham,The team meeting has been moved to Friday.
ham,The payment receipt has been sent to your email.
ham,Please review the document and share your feedback.
ham,I have completed the work. Please check it.
ham,The payment receipt has been sent to your email.
ham,Please let me know if you need any changes.
ham,I will send the files later today.
spam,Win a brand new car! Enter the contest today.
spam,Don't miss this amazing offer. Buy now and save big!
ham,I will be available after 3 PM.
ham,The team meeting has been moved to Friday.
spam,Congratulations! You have received a special bonus.
spam,Exclusive offer! Get a FREE gift by clicking this link.
ham,The exam timetable has been uploaded.
ham,Your package is ready for pickup.
ham,I have attached the requested documents.
ham,Let's discuss the project after lunch.
spam,Instant cash reward available. Apply now!
spam,Get 50% OFF on all products. Buy now!
ham,Can we meet tomorrow at 3 PM to discuss the project?
spam,Get rich quickly with this limited-time opportunity.
spam,Congratulations! You have received a special bonus.
spam,Exclusive winner notification: claim your prize today.
spam,Click now and receive your free bonus.
ham,Can we meet tomorrow at 10 AM to discuss the project?
ham,Please send me the assignment before the deadline.
spam,Make $500 every day from home. Sign up now!
spam,WIN BIG! Click now to claim your amazing prize.
spam,Congratulations! You are eligible for a special reward.
spam,Exclusive offer! Get a FREE gift by clicking this link.
ham,The class will start at 11 AM tomorrow.
ham,The project deadline is next week.
ham,Your interview is confirmed for Friday at 3 PM.
ham,Please send me the assignment before the deadline.
spam,WIN BIG! Click now to claim your amazing prize.
spam,Final notice! Claim your prize before it expires.
spam,URGENT! You have been selected for a FREE iPhone. Click here now!
spam,Your FREE subscription is waiting. Activate it today.
ham,Could you please confirm the meeting time?
ham,The project deadline is next week.
ham,The exam timetable has been uploaded.
spam,You have won a lottery worth $100. Claim your prize!
spam,You have been chosen for an exclusive cash giveaway.
spam,Earn money from home with no investment. Join now!
ham,The report is ready for your review.
ham,Can you share the presentation with me?
ham,Please call me when you are free.
ham,Your package is ready for pickup.
ham,The exam timetable has been uploaded.
spam,Click now and receive your free bonus.
spam,Your mobile number has won a lucky draw prize!
spam,Special promotion: claim your FREE voucher today.
ham,Thanks for helping me with the assignment.
spam,You have won a lottery worth $2500. Claim your prize!
ham,Please send me the assignment before the deadline.
spam,Congratulations! You have received a special bonus.
spam,FREE MONEY! Claim your reward before it expires.
spam,Act now! Your account has won a cash reward.
spam,You are a lucky winner! Send your details to receive the prize.
ham,The requested information is included in the document.
spam,You have won a shopping voucher. Redeem it immediately.
spam,Win a brand new car! Enter the contest today.
ham,Please update the spreadsheet before the meeting.
spam,You have been chosen for an exclusive cash giveaway.
ham,Please call me when you are free.
ham,Your meeting is scheduled for Monday at 10 AM.
ham,Your interview is confirmed for Friday at 4 PM.
spam,Special promotion: claim your FREE voucher today.
spam,Final notice! Claim your prize before it expires.
spam,Your FREE subscription is waiting. Activate it today.
ham,The exam timetable has been uploaded.
ham,Your meeting is scheduled for Monday at 4 PM.
ham,"Hi Sam, please find the project report attached."
ham,Please call me when you are free.
ham,The payment receipt has been sent to your email.
ham,Your order has been shipped and will arrive tomorrow.
ham,The team meeting has been moved to Friday.
spam,Click now and receive your free bonus.
spam,Exclusive offer! Get a FREE gift by clicking this link.
spam,You are selected for a $100 reward. Claim immediately!
spam,Final notice! Claim your prize before it expires.
ham,The project deadline is next week.
spam,Get rich quickly with this limited-time opportunity.
spam,Limited time offer! Get your free coupon today.
spam,Win a brand new car! Enter the contest today.
ham,Your meeting is scheduled for Monday at 9 AM.
spam,Your mobile number has won a lucky draw prize!
ham,Please remember to bring your laptop to the meeting.
ham,Your order has been shipped and will arrive tomorrow.
ham,Let's discuss the project after lunch.
spam,WIN BIG! Click now to claim your amazing prize.
spam,FREE MONEY! Claim your reward before it expires.
spam,FREE MONEY! Claim your reward before it expires.
spam,Click now and receive your free bonus.
ham,"Thanks, I received your message."
ham,The requested information is included in the document.
ham,Thanks for helping me with the assignment.
ham,Thank you for your email. I will reply soon.
spam,Win a brand new car! Enter the contest today.
ham,The exam timetable has been uploaded.
ham,Please send me the assignment before the deadline.
spam,URGENT! You have been selected for a FREE iPhone. Click here now!
ham,The class will start at 3 PM tomorrow.
spam,Act now! Your account has won a cash reward.
spam,Exclusive offer! Get a FREE gift by clicking this link.
ham,I will send the files later today.
ham,Please remember to bring your laptop to the meeting.
spam,Get rich quickly with this limited-time opportunity.
ham,Your appointment is confirmed for tomorrow.
ham,The requested information is included in the document.
ham,Could you please confirm the meeting time?
ham,The report is ready for your review.
ham,Your interview is confirmed for Friday at 9 AM.
spam,URGENT! You have been selected for a FREE iPhone. Click here now!
ham,Please let me know if you need any changes.
spam,Don't miss this amazing offer. Buy now and save big!
spam,You have won a shopping voucher. Redeem it immediately.
ham,The project deadline is next week.
spam,Your account has been selected for a cash bonus.
spam,Click now and receive your free bonus.
ham,The exam timetable has been uploaded.
spam,Make $500 every day from home. Sign up now!
ham,Your interview is confirmed for Friday at 4 PM.
ham,The requested information is included in the document.
spam,FREE MONEY! Claim your reward before it expires.
ham,The exam timetable has been uploaded.
ham,Your order has been shipped and will arrive tomorrow.
spam,Your FREE subscription is waiting. Activate it today.
spam,Congratulations! You have received a special bonus.
spam,You have been chosen for an exclusive cash giveaway.
spam,Congratulations! You have received a special bonus.
ham,Your interview is confirmed for Friday at 11 AM.
ham,Please update the spreadsheet before the meeting.
spam,You are a lucky winner! Send your details to receive the prize.
ham,The report is ready for your review.
ham,The team meeting has been moved to Friday.
ham,Please remember to bring your laptop to the meeting.
ham,Can you share the presentation with me?
ham,"Thanks, I received your message."
spam,Congratulations! You have received a special bonus.
ham,The report is ready for your review.
ham,I have attached the requested documents.
ham,The payment receipt has been sent to your email.
spam,Exclusive winner notification: claim your prize today.
spam,Don't miss this amazing offer. Buy now and save big!
spam,You are selected for a $500 reward. Claim immediately!
spam,Get 80% OFF on all products. Buy now!
spam,Instant cash reward available. Apply now!
spam,Your mobile number has won a lucky draw prize!
ham,I will send the files later today.
spam,Instant cash reward available. Apply now!
ham,Your appointment is confirmed for tomorrow.
spam,You have won a lottery worth $1000. Claim your prize!
spam,Act now! Your account has won a cash reward.
ham,Please call me when you are free.
spam,Your account has been selected for a cash bonus.
spam,WIN BIG! Click now to claim your amazing prize.
spam,Exclusive winner notification: claim your prize today.
spam,Win a brand new car! Enter the contest today.
ham,The project deadline is next week.
spam,You are a lucky winner! Send your details to receive the prize.
ham,I have completed the work. Please check it.
ham,Please update the spreadsheet before the meeting.
ham,The requested information is included in the document.
spam,Get 50% OFF on all products. Buy now!
spam,You are selected for a $5000 reward. Claim immediately!
ham,Please send me the assignment before the deadline.
spam,Congratulations! You have received a special bonus.
ham,Thank you for your email. I will reply soon.
spam,Congratulations! You are eligible for a special reward.
ham,The class will start at 9 AM tomorrow.
ham,Thanks for helping me with the assignment.
ham,Thanks for helping me with the assignment.
ham,The exam timetable has been uploaded.
spam,You have won a shopping voucher. Redeem it immediately.
spam,Get rich quickly with this limited-time opportunity.
spam,Special promotion: claim your FREE voucher today.
ham,Your interview is confirmed for Friday at 2 PM.
spam,You have won a shopping voucher. Redeem it immediately.
spam,Free gift available for selected users. Claim now!
ham,The requested information is included in the document.
ham,Your interview is confirmed for Friday at 2 PM.
spam,Free gift available for selected users. Claim now!
spam,You are a lucky winner! Send your details to receive the prize.
ham,The project deadline is next week.
ham,The class will start at 11 AM tomorrow.
spam,Act now! Your account has won a cash reward.
ham,Thanks for helping me with the assignment.
spam,Don't miss this amazing offer. Buy now and save big!
ham,The team meeting has been moved to Friday.
spam,Exclusive winner notification: claim your prize today.
spam,Instant cash reward available. Apply now!
spam,Instant cash reward available. Apply now!
ham,Could you please confirm the meeting time?
spam,Earn money from home with no investment. Join now!
ham,I will be available after 3 PM.
ham,Let's discuss the project after lunch.
spam,WIN BIG! Click now to claim your amazing prize.
ham,"Hi Sam, please find the project report attached."
spam,Final notice! Claim your prize before it expires.
spam,WIN BIG! Click now to claim your amazing prize.
spam,Congratulations! You have received a special bonus.
spam,FREE MONEY! Claim your reward before it expires.
ham,Please update the spreadsheet before the meeting.
spam,Your FREE subscription is waiting. Activate it today.
ham,Please let me know if you need any changes.
ham,Please let me know if you need any changes.
ham,I will be available after 3 PM.
ham,The requested information is included in the document.
ham,The requested information is included in the document.
spam,Get 90% OFF on all products. Buy now!
spam,Your FREE subscription is waiting. Activate it today.
ham,The project deadline is next week.
spam,Congratulations! You have won $1000 cash prize. Claim now!
ham,"Thanks, I received your message."
ham,Can we meet tomorrow at 4 PM to discuss the project?
spam,Exclusive offer! Get a FREE gift by clicking this link.
ham,Your meeting is scheduled for Monday at 9 AM.
spam,Important! Verify your account now to receive your reward.
spam,Final notice! Claim your prize before it expires.
spam,Your FREE subscription is waiting. Activate it today.
ham,Can we meet tomorrow at 4 PM to discuss the project?
spam,Exclusive winner notification: claim your prize today.
spam,Exclusive offer! Get a FREE gift by clicking this link.
spam,Congratulations! You are eligible for a special reward.
spam,Congratulations! You are eligible for a special reward.
spam,Click now and receive your free bonus.
spam,Final notice! Claim your prize before it expires.
ham,Please remember to bring your laptop to the meeting.
spam,Make $100 every day from home. Sign up now!
ham,Your interview is confirmed for Friday at 2 PM.
spam,Special promotion: claim your FREE voucher today.
ham,I have completed the work. Please check it.
ham,I will send the files later today.
ham,Please call me when you are free.
spam,Your account has been selected for a cash bonus.
ham,The requested information is included in the document.
spam,Get rich quickly with this limited-time opportunity.
spam,Your account has been selected for a cash bonus.
ham,The team meeting has been moved to Friday.
spam,WIN BIG! Click now to claim your amazing prize.
ham,"Thanks, I received your message."
spam,You are a lucky winner! Send your details to receive the prize.
spam,Get 70% OFF on all products. Buy now!
ham,Please update the spreadsheet before the meeting.
spam,Earn money from home with no investment. Join now!
spam,Act now! Your account has won a cash reward.
spam,Exclusive winner notification: claim your prize today.
ham,"Thanks, I received your message."
ham,Please let me know if you need any changes.
spam,Don't miss this amazing offer. Buy now and save big!
spam,You are a lucky winner! Send your details to receive the prize.
ham,The team meeting has been moved to Friday.
spam,Congratulations! You have won $2500 cash prize. Claim now!
spam,Free gift available for selected users. Claim now!
spam,Final notice! Claim your prize before it expires.
spam,Congratulations! You have won $1000 cash prize. Claim now!
spam,Exclusive winner notification: claim your prize today.
ham,Your order has been shipped and will arrive tomorrow.
ham,"Hi Sam, please find the project report attached."
ham,The report is ready for your review.
spam,Limited time offer! Get your free coupon today.
spam,Your mobile number has won a lucky draw prize!
spam,Don't miss this amazing offer. Buy now and save big!
ham,Let's discuss the project after lunch.
ham,Please send me the assignment before the deadline.
ham,Please review the document and share your feedback.
spam,You are selected for a $500 reward. Claim immediately!
ham,I will send the files later today.
spam,Your account has been selected for a cash bonus.
spam,Exclusive winner notification: claim your prize today.
ham,Your meeting is scheduled for Monday at 9 AM.
spam,Your FREE subscription is waiting. Activate it today.
spam,You have won a lottery worth $2500. Claim your prize!
ham,Please let me know if you need any changes.
spam,WIN BIG! Click now to claim your amazing prize.
spam,Act now! Your account has won a cash reward.
ham,I have completed the work. Please check it.
spam,Your FREE subscription is waiting. Activate it today.
ham,Please review the document and share your feedback.
spam,URGENT! You have been selected for a FREE iPhone. Click here now!
ham,I have attached the requested documents.
ham,Your meeting is scheduled for Monday at 3 PM.
spam,Special promotion: claim your FREE voucher today.
spam,Win a brand new car! Enter the contest today.
ham,Please let me know if you need any changes.
ham,Please send me the assignment before the deadline.
ham,Please update the spreadsheet before the meeting.
spam,URGENT! You have been selected for a FREE iPhone. Click here now!
spam,Click now and receive your free bonus.
spam,You have been chosen for an exclusive cash giveaway.
spam,Congratulations! You have won $10000 cash prize. Claim now!
spam,Congratulations! You are eligible for a special reward.
spam,Click now and receive your free bonus.
ham,The project deadline is next week.
spam,Click now and receive your free bonus.
spam,FREE MONEY! Claim your reward before it expires.
spam,You have been chosen for an exclusive cash giveaway.
ham,I will send the files later today.
spam,Limited time offer! Get your free coupon today.
spam,Exclusive offer! Get a FREE gift by clicking this link.
ham,Thanks for helping me with the assignment.
spam,You are a lucky winner! Send your details to receive the prize.
spam,Final notice! Claim your prize before it expires.
ham,Your interview is confirmed for Friday at 9 AM.
ham,Please send me the assignment before the deadline.
ham,I have completed the work. Please check it.
ham,Your interview is confirmed for Friday at 2 PM.
spam,Win a brand new car! Enter the contest today.
ham,I have completed the work. Please check it.
spam,Make $10000 every day from home. Sign up now!
spam,Free gift available for selected users. Claim now!
spam,Don't miss this amazing offer. Buy now and save big!
ham,Please review the document and share your feedback.
spam,Act now! Your account has won a cash reward.
spam,Exclusive offer! Get a FREE gift by clicking this link.
spam,Act now! Your account has won a cash reward.
spam,WIN BIG! Click now to claim your amazing prize.
spam,FREE MONEY! Claim your reward before it expires.
ham,The class will start at 9 AM tomorrow.
ham,I have attached the requested documents.
spam,You have won a shopping voucher. Redeem it immediately.
spam,Instant cash reward available. Apply now!
spam,You are a lucky winner! Send your details to receive the prize.
ham,The class will start at 2 PM tomorrow.
ham,Please send me the assignment before the deadline.
ham,The exam timetable has been uploaded.
spam,WIN BIG! Click now to claim your amazing prize.
spam,Congratulations! You are eligible for a special reward.
spam,You have been chosen for an exclusive cash giveaway.
spam,You are selected for a $1000 reward. Claim immediately!
spam,Click now and receive your free bonus.
ham,Could you please confirm the meeting time?
ham,The class will start at 9 AM tomorrow.
spam,Free gift available for selected users. Claim now!
ham,The class will start at 10 AM tomorrow.
ham,Please remember to bring your laptop to the meeting.
ham,The report is ready for your review.
spam,Get 80% OFF on all products. Buy now!
spam,Limited time offer! Get your free coupon today.
spam,Congratulations! You have won $5000 cash prize. Claim now!
ham,Thanks for helping me with the assignment.
spam,Exclusive winner notification: claim your prize today.
spam,Important! Verify your account now to receive your reward.
spam,Win a brand new car! Enter the contest today.
spam,Don't miss this amazing offer. Buy now and save big!
spam,Click now and receive your free bonus.
ham,"Thanks, I received your message."
spam,Limited time offer! Get your free coupon today.
ham,Your interview is confirmed for Friday at 9 AM.
spam,Final notice! Claim your prize before it expires.
spam,Act now! Your account has won a cash reward.
spam,Exclusive winner notification: claim your prize today.
ham,Your package is ready for pickup.
ham,Your order has been shipped and will arrive tomorrow.
spam,You have won a shopping voucher. Redeem it immediately.
ham,The exam timetable has been uploaded.
spam,Your FREE subscription is waiting. Activate it today.
ham,Thanks for helping me with the assignment.
ham,I will be available after 3 PM.
ham,Please call me when you are free.
spam,Instant cash reward available. Apply now!
ham,Let's discuss the project after lunch.
spam,Instant cash reward available. Apply now!
spam,Your account has been selected for a cash bonus.
spam,Make $2500 every day from home. Sign up now!
ham,I have completed the work. Please check it.
ham,Please let me know if you need any changes.
spam,Get rich quickly with this limited-time opportunity.
ham,Please call me when you are free.
spam,Exclusive winner notification: claim your prize today.
spam,Important! Verify your account now to receive your reward.
ham,The team meeting has been moved to Friday.
ham,I will be available after 3 PM.
spam,Exclusive winner notification: claim your prize today.
ham,"Thanks, I received your message."
ham,Your appointment is confirmed for tomorrow.
ham,The report is ready for your review.
spam,Earn money from home with no investment. Join now!
ham,Please review the document and share your feedback.
ham,Could you please confirm the meeting time?
spam,You have won a lottery worth $100. Claim your prize!
ham,The requested information is included in the document.
ham,I will send the files later today.
ham,Thanks for helping me with the assignment.
ham,The team meeting has been moved to Friday.
spam,You have won a lottery worth $1000. Claim your prize!
ham,The report is ready for your review.
spam,Act now! Your account has won a cash reward.
ham,Could you please confirm the meeting time?
ham,I will send the files later today.
ham,Thanks for helping me with the assignment.
spam,Your mobile number has won a lucky draw prize!
ham,Please call me when you are free.
ham,Your appointment is confirmed for tomorrow.
ham,The payment receipt has been sent to your email.
ham,The requested information is included in the document.
spam,You have won a shopping voucher. Redeem it immediately.
spam,URGENT! You have been selected for a FREE iPhone. Click here now!
ham,Please let me know if you need any changes.
spam,Act now! Your account has won a cash reward.
ham,Thank you for your email. I will reply soon.
spam,You are a lucky winner! Send your details to receive the prize.
ham,Please review the document and share your feedback.
spam,FREE MONEY! Claim your reward before it expires.
spam,You are selected for a $10000 reward. Claim immediately!
ham,The payment receipt has been sent to your email.
spam,Limited time offer! Get your free coupon today.
ham,Your appointment is confirmed for tomorrow.
spam,Your account has been selected for a cash bonus.
spam,Free gift available for selected users. Claim now!
spam,Congratulations! You have received a special bonus.
ham,Please let me know if you need any changes.
spam,You have won a shopping voucher. Redeem it immediately.
ham,The project deadline is next week.
ham,I have attached the requested documents.
spam,Congratulations! You are eligible for a special reward.
spam,Your FREE subscription is waiting. Activate it today.
spam,Congratulations! You have won $2500 cash prize. Claim now!
spam,WIN BIG! Click now to claim your amazing prize.
spam,Click now and receive your free bonus.
ham,The team meeting has been moved to Friday.
spam,Don't miss this amazing offer. Buy now and save big!
ham,Please update the spreadsheet before the meeting.
spam,Exclusive offer! Get a FREE gift by clicking this link.
spam,Your mobile number has won a lucky draw prize!
spam,Exclusive winner notification: claim your prize today.
spam,Your account has been selected for a cash bonus.
spam,WIN BIG! Click now to claim your amazing prize.
ham,"Thanks, I received your message."
ham,The report is ready for your review.
spam,Your mobile number has won a lucky draw prize!
spam,You are a lucky winner! Send your details to receive the prize.
ham,The payment receipt has been sent to your email.
spam,Get rich quickly with this limited-time opportunity.
ham,I will be available after 3 PM.
ham,Thank you for your email. I will reply soon.
spam,Earn money from home with no investment. Join now!
ham,I have attached the requested documents.
ham,The requested information is included in the document.
ham,Your package is ready for pickup.
ham,Please review the document and share your feedback.
spam,Free gift available for selected users. Claim now!
ham,Your order has been shipped and will arrive tomorrow.
spam,Make $2500 every day from home. Sign up now!
ham,The team meeting has been moved to Friday.
spam,Don't miss this amazing offer. Buy now and save big!
ham,Please call me when you are free.
ham,"Thanks, I received your message."
spam,Your account has been selected for a cash bonus.
spam,Don't miss this amazing offer. Buy now and save big!
spam,Final notice! Claim your prize before it expires.
ham,Can you share the presentation with me?
spam,Free gift available for selected users. Claim now!
ham,The exam timetable has been uploaded.
spam,Important! Verify your account now to receive your reward.
ham,Can we meet tomorrow at 11 AM to discuss the project?
spam,Get 80% OFF on all products. Buy now!
spam,You are selected for a $2500 reward. Claim immediately!
ham,Please let me know if you need any changes.
ham,The payment receipt has been sent to your email.
ham,I have completed the work. Please check it.
spam,Your mobile number has won a lucky draw prize!
ham,I will be available after 3 PM.
ham,The team meeting has been moved to Friday.
spam,You have won a shopping voucher. Redeem it immediately.
spam,Limited time offer! Get your free coupon today.
ham,"Thanks, I received your message."
ham,Please remember to bring your laptop to the meeting.
spam,Congratulations! You have won $2500 cash prize. Claim now!
spam,You have won a lottery worth $5000. Claim your prize!
ham,I will be available after 3 PM.
spam,Get rich quickly with this limited-time opportunity.
ham,"Hi Amit, please find the project report attached."
ham,Please review the document and share your feedback.
ham,Your appointment is confirmed for tomorrow.
spam,Exclusive offer! Get a FREE gift by clicking this link.
spam,Get rich quickly with this limited-time opportunity.
spam,Your FREE subscription is waiting. Activate it today.
ham,Thank you for your email. I will reply soon.
spam,URGENT! You have been selected for a FREE iPhone. Click here now!
spam,Final notice! Claim your prize before it expires.
spam,Don't miss this amazing offer. Buy now and save big!
spam,Act now! Your account has won a cash reward.
ham,I will send the files later today.
spam,URGENT! You have been selected for a FREE iPhone. Click here now!
spam,Your FREE subscription is waiting. Activate it today.
spam,Get rich quickly with this limited-time opportunity.
ham,Please review the document and share your feedback.
spam,You have won a shopping voucher. Redeem it immediately.
spam,Get rich quickly with this limited-time opportunity.
spam,Exclusive offer! Get a FREE gift by clicking this link.
ham,I will send the files later today.
spam,WIN BIG! Click now to claim your amazing prize.
spam,Limited time offer! Get your free coupon today.
spam,Earn money from home with no investment. Join now!
spam,You are selected for a $10000 reward. Claim immediately!
ham,"Hi John, please find the project report attached."
ham,Please review the document and share your feedback.
ham,Could you please confirm the meeting time?
spam,Get rich quickly with this limited-time opportunity.
ham,Please update the spreadsheet before the meeting.
ham,Your interview is confirmed for Friday at 2 PM.
spam,Special promotion: claim your FREE voucher today.
ham,Thanks for helping me with the assignment.
ham,Please send me the assignment before the deadline.
spam,You have won a shopping voucher. Redeem it immediately.
spam,Exclusive offer! Get a FREE gift by clicking this link.
ham,The class will start at 10 AM tomorrow.
spam,Don't miss this amazing offer. Buy now and save big!
ham,The requested information is included in the document.
ham,Your interview is confirmed for Friday at 3 PM.
ham,I will be available after 3 PM.
spam,Free gift available for selected users. Claim now!
ham,The class will start at 2 PM tomorrow.
spam,You are selected for a $2500 reward. Claim immediately!
ham,Could you please confirm the meeting time?
ham,Please review the document and share your feedback.
spam,You are a lucky winner! Send your details to receive the prize.
spam,Important! Verify your account now to receive your reward.
spam,Make $100 every day from home. Sign up now!
spam,WIN BIG! Click now to claim your amazing prize.
spam,FREE MONEY! Claim your reward before it expires.
ham,The report is ready for your review.
spam,Act now! Your account has won a cash reward.
ham,Can we meet tomorrow at 11 AM to discuss the project?
spam,URGENT! You have been selected for a FREE iPhone. Click here now!
spam,Congratulations! You are eligible for a special reward.
ham,Can you share the presentation with me?
spam,Exclusive offer! Get a FREE gift by clicking this link.
spam,Final notice! Claim your prize before it expires.
ham,Your interview is confirmed for Friday at 9 AM.
ham,The class will start at 11 AM tomorrow.
ham,Thanks for helping me with the assignment.
spam,Free gift available for selected users. Claim now!
spam,Congratulations! You have won $1000 cash prize. Claim now!
ham,"Thanks, I received your message."
spam,Your FREE subscription is waiting. Activate it today.
ham,Please update the spreadsheet before the meeting.
spam,Congratulations! You have won $2500 cash prize. Claim now!
ham,Your meeting is scheduled for Monday at 11 AM.
spam,You are selected for a $500 reward. Claim immediately!
ham,Your appointment is confirmed for tomorrow.
spam,Click now and receive your free bonus.
spam,Your FREE subscription is waiting. Activate it today.
ham,Let's discuss the project after lunch.
ham,Can you share the presentation with me?
spam,Instant cash reward available. Apply now!
ham,"Thanks, I received your message."
ham,Let's discuss the project after lunch.
ham,Your meeting is scheduled for Monday at 4 PM.
spam,Get 95% OFF on all products. Buy now!
spam,Instant cash reward available. Apply now!
spam,You are selected for a $100 reward. Claim immediately!
ham,The report is ready for your review.
ham,The requested information is included in the document.
spam,Act now! Your account has won a cash reward.
ham,Please send me the assignment before the deadline.
spam,You have won a lottery worth $500. Claim your prize!
spam,Congratulations! You have won $5000 cash prize. Claim now!
spam,You have won a lottery worth $500. Claim your prize!
spam,Congratulations! You have received a special bonus.
spam,Important! Verify your account now to receive your reward.
ham,I will send the files later today.
spam,Get rich quickly with this limited-time opportunity.
spam,You are selected for a $2500 reward. Claim immediately!
spam,FREE MONEY! Claim your reward before it expires.
ham,Can we meet tomorrow at 10 AM to discuss the project?
ham,Thank you for your email. I will reply soon.
spam,Final notice! Claim your prize before it expires.
ham,Your appointment is confirmed for tomorrow.
ham,Thanks for helping me with the assignment.
ham,Please update the spreadsheet before the meeting.
spam,Earn money from home with no investment. Join now!
ham,"Hi John, please find the project report attached."
ham,The report is ready for your review.
ham,Please call me when you are free.
ham,Thanks for helping me with the assignment.
spam,You are selected for a $100 reward. Claim immediately!
spam,Limited time offer! Get your free coupon today.
spam,Exclusive winner notification: claim your prize today.
spam,Exclusive winner notification: claim your prize today.
ham,The payment receipt has been sent to your email.
spam,Earn money from home with no investment. Join now!
ham,Thank you for your email. I will reply soon.
spam,Final notice! Claim your prize before it expires.
spam,Exclusive winner notification: claim your prize today.
ham,Please remember to bring your laptop to the meeting.
spam,FREE MONEY! Claim your reward before it expires.
spam,Get 50% OFF on all products. Buy now!
ham,Let's discuss the project after lunch.
ham,The exam timetable has been uploaded.
spam,Act now! Your account has won a cash reward.
spam,You are selected for a $2500 reward. Claim immediately!
spam,Instant cash reward available. Apply now!
spam,Your account has been selected for a cash bonus.
spam,Free gift available for selected users. Claim now!
spam,Act now! Your account has won a cash reward.
spam,WIN BIG! Click now to claim your amazing prize.
ham,Can we meet tomorrow at 3 PM to discuss the project?
ham,I will be available after 3 PM.
ham,Please send me the assignment before the deadline.
ham,Let's discuss the project after lunch.
spam,WIN BIG! Click now to claim your amazing prize.
spam,Important! Verify your account now to receive your reward.
spam,Act now! Your account has won a cash reward.
ham,The payment receipt has been sent to your email.
ham,Could you please confirm the meeting time?
ham,Can we meet tomorrow at 10 AM to discuss the project?
spam,Instant cash reward available. Apply now!
spam,Exclusive offer! Get a FREE gift by clicking this link.
spam,Make $100 every day from home. Sign up now!
spam,Your FREE subscription is waiting. Activate it today.
spam,Your account has been selected for a cash bonus.
ham,The payment receipt has been sent to your email.
ham,Please remember to bring your laptop to the meeting.
spam,You have won a lottery worth $500. Claim your prize!
spam,Your account has been selected for a cash bonus.
spam,Exclusive offer! Get a FREE gift by clicking this link.
spam,Congratulations! You are eligible for a special reward.
ham,The requested information is included in the document.
ham,Your order has been shipped and will arrive tomorrow.
spam,Limited time offer! Get your free coupon today.
ham,The requested information is included in the document.
spam,You have won a shopping voucher. Redeem it immediately.
spam,You have won a lottery worth $500. Claim your prize!
spam,Exclusive winner notification: claim your prize today.
ham,Your interview is confirmed for Friday at 3 PM.
spam,Final notice! Claim your prize before it expires.
ham,The exam timetable has been uploaded.
spam,Special promotion: claim your FREE voucher today.
ham,I have attached the requested documents.
spam,Congratulations! You have won $100 cash prize. Claim now!
spam,Act now! Your account has won a cash reward.
spam,Important! Verify your account now to receive your reward.
ham,The class will start at 3 PM tomorrow.
spam,FREE MONEY! Claim your reward before it expires.
ham,Please let me know if you need any changes.
spam,Get rich quickly with this limited-time opportunity.
spam,Free gift available for selected users. Claim now!
ham,Please send me the assignment before the deadline.
spam,Instant cash reward available. Apply now!
ham,Can we meet tomorrow at 9 AM to discuss the project?
ham,The team meeting has been moved to Friday.
ham,Could you please confirm the meeting time?
ham,The payment receipt has been sent to your email.
spam,Win a brand new car! Enter the contest today.
ham,The report is ready for your review.
ham,Your order has been shipped and will arrive tomorrow.
ham,The project deadline is next week.
spam,Instant cash reward available. Apply now!
ham,"Hi John, please find the project report attached."
ham,Please remember to bring your laptop to the meeting.
ham,The project deadline is next week.
spam,Exclusive offer! Get a FREE gift by clicking this link.
spam,You are a lucky winner! Send your details to receive the prize.
spam,Limited time offer! Get your free coupon today.
spam,Important! Verify your account now to receive your reward.
spam,Act now! Your account has won a cash reward.
spam,Important! Verify your account now to receive your reward.
spam,Exclusive winner notification: claim your prize today.
spam,Click now and receive your free bonus.
ham,Your order has been shipped and will arrive tomorrow.
spam,Don't miss this amazing offer. Buy now and save big!
spam,Important! Verify your account now to receive your reward.
spam,Make $100 every day from home. Sign up now!
spam,You are selected for a $2500 reward. Claim immediately!
spam,Get rich quickly with this limited-time opportunity.
spam,Exclusive offer! Get a FREE gift by clicking this link.
spam,Your account has been selected for a cash bonus.
ham,Let's discuss the project after lunch.
ham,The project deadline is next week.
ham,The project deadline is next week.
spam,Free gift available for selected users. Claim now!
spam,You have won a lottery worth $500. Claim your prize!
spam,Click now and receive your free bonus.
ham,The requested information is included in the document.
spam,Don't miss this amazing offer. Buy now and save big!
spam,Important! Verify your account now to receive your reward.
ham,Your package is ready for pickup.
spam,Exclusive offer! Get a FREE gift by clicking this link.
ham,Thank you for your email. I will reply soon.
ham,Please send me the assignment before the deadline.
spam,You have won a lottery worth $100. Claim your prize!
ham,Thank you for your email. I will reply soon.
spam,Limited time offer! Get your free coupon today.
spam,You are a lucky winner! Send your details to receive the prize.
spam,Your FREE subscription is waiting. Activate it today.
spam,Don't miss this amazing offer. Buy now and save big!
spam,Special promotion: claim your FREE voucher today.
ham,Can you share the presentation with me?
ham,The requested information is included in the document.
spam,Special promotion: claim your FREE voucher today.
ham,Your order has been shipped and will arrive tomorrow.
ham,Please let me know if you need any changes.
ham,I have attached the requested documents.
spam,Exclusive offer! Get a FREE gift by clicking this link.
spam,You have won a lottery worth $10000. Claim your prize!
ham,Please review the document and share your feedback.
ham,Thanks for helping me with the assignment.
ham,Let's discuss the project after lunch.
spam,Congratulations! You are eligible for a special reward.
spam,FREE MONEY! Claim your reward before it expires.
ham,The payment receipt has been sent to your email.
ham,Please review the document and share your feedback.
ham,The exam timetable has been uploaded.
ham,Let's discuss the project after lunch.
spam,Your FREE subscription is waiting. Activate it today.
spam,Exclusive winner notification: claim your prize today.
ham,Your order has been shipped and will arrive tomorrow.
ham,Please review the document and share your feedback.
ham,"Hi Sam, please find the project report attached."
ham,I have attached the requested documents.
ham,Your order has been shipped and will arrive tomorrow.
ham,Your order has been shipped and will arrive tomorrow.
ham,Can we meet tomorrow at 2 PM to discuss the project?
ham,The requested information is included in the document.
ham,Thank you for your email. I will reply soon.
spam,Congratulations! You are eligible for a special reward.
spam,Congratulations! You have won $2500 cash prize. Claim now!
ham,Please let me know if you need any changes.
ham,Can you share the presentation with me?
ham,The payment receipt has been sent to your email.
ham,The payment receipt has been sent to your email.
ham,Please remember to bring your laptop to the meeting.
ham,Please let me know if you need any changes.
ham,Your appointment is confirmed for tomorrow.
ham,Thank you for your email. I will reply soon.
ham,Please update the spreadsheet before the meeting.
spam,FREE MONEY! Claim your reward before it expires.
ham,The payment receipt has been sent to your email.
ham,Please update the spreadsheet before the meeting.
spam,Earn money from home with no investment. Join now!
spam,Your mobile number has won a lucky draw prize!
ham,Can you share the presentation with me?
ham,Your appointment is confirmed for tomorrow.
ham,The class will start at 11 AM tomorrow.
ham,I will send the files later today.
ham,Please remember to bring your laptop to the meeting.
ham,The requested information is included in the document.
ham,Please remember to bring your laptop to the meeting.
ham,Your appointment is confirmed for tomorrow.
ham,The payment receipt has been sent to your email.
ham,Your interview is confirmed for Friday at 2 PM.
ham,I will send the files later today.
spam,Get rich quickly with this limited-time opportunity.
ham,Can we meet tomorrow at 3 PM to discuss the project?
spam,Click now and receive your free bonus.
ham,The report is ready for your review.
spam,WIN BIG! Click now to claim your amazing prize.
spam,WIN BIG! Click now to claim your amazing prize.
spam,Instant cash reward available. Apply now!
spam,FREE MONEY! Claim your reward before it expires.
ham,I have attached the requested documents.
ham,Can we meet tomorrow at 4 PM to discuss the project?
spam,FREE MONEY! Claim your reward before it expires.
spam,Special promotion: claim your FREE voucher today.
ham,The report is ready for your review.
ham,Your meeting is scheduled for Monday at 2 PM.
ham,The class will start at 3 PM tomorrow.
ham,Can we meet tomorrow at 2 PM to discuss the project?
spam,Exclusive winner notification: claim your prize today.
spam,Important! Verify your account now to receive your reward.
ham,The team meeting has been moved to Friday.
ham,Your order has been shipped and will arrive tomorrow.
spam,You have won a lottery worth $500. Claim your prize!
ham,Please let me know if you need any changes.
ham,Your package is ready for pickup.
ham,The project deadline is next week.
spam,Your account has been selected for a cash bonus.
ham,Your order has been shipped and will arrive tomorrow.
ham,The class will start at 10 AM tomorrow.
spam,Congratulations! You are eligible for a special reward.
ham,Your meeting is scheduled for Monday at 10 AM.
spam,WIN BIG! Click now to claim your amazing prize.
spam,Act now! Your account has won a cash reward.
ham,The project deadline is next week.
ham,The report is ready for your review.
ham,Could you please confirm the meeting time?
ham,Your order has been shipped and will arrive tomorrow.
spam,You are a lucky winner! Send your details to receive the prize.
ham,Please update the spreadsheet before the meeting.
ham,I have completed the work. Please check it.
ham,The team meeting has been moved to Friday.
ham,Let's discuss the project after lunch.
ham,Please call me when you are free.
spam,Exclusive winner notification: claim your prize today.
ham,The exam timetable has been uploaded.
ham,The payment receipt has been sent to your email.
ham,The report is ready for your review.
spam,Win a brand new car! Enter the contest today.
spam,Earn money from home with no investment. Join now!
spam,Win a brand new car! Enter the contest today.
ham,Please remember to bring your laptop to the meeting.
ham,"Thanks, I received your message."
ham,Your meeting is scheduled for Monday at 2 PM.
spam,Congratulations! You have won $500 cash prize. Claim now!
ham,Your order has been shipped and will arrive tomorrow.
spam,Earn money from home with no investment. Join now!
spam,Limited time offer! Get your free coupon today.
spam,Instant cash reward available. Apply now!
spam,Important! Verify your account now to receive your reward.
ham,Can you share the presentation with me?
ham,Can you share the presentation with me?
spam,Final notice! Claim your prize before it expires.
ham,I have attached the requested documents.
spam,Earn money from home with no investment. Join now!
spam,Get rich quickly with this limited-time opportunity.
spam,Click now and receive your free bonus.
spam,Your account has been selected for a cash bonus.
ham,The requested information is included in the document.
ham,Your package is ready for pickup.
ham,Can we meet tomorrow at 4 PM to discuss the project?
ham,The payment receipt has been sent to your email.
spam,Get rich quickly with this limited-time opportunity.
ham,Your order has been shipped and will arrive tomorrow.
ham,Can you share the presentation with me?
spam,Exclusive offer! Get a FREE gift by clicking this link.
ham,The payment receipt has been sent to your email.
ham,The requested information is included in the document.
spam,Make $100 every day from home. Sign up now!
spam,Final notice! Claim your prize before it expires.
ham,I have attached the requested documents.
spam,You have won a lottery worth $10000. Claim your prize!
ham,The class will start at 11 AM tomorrow.
spam,You have won a shopping voucher. Redeem it immediately.
spam,You have been chosen for an exclusive cash giveaway.
spam,Earn money from home with no investment. Join now!
spam,You have won a lottery worth $10000. Claim your prize!
spam,Exclusive offer! Get a FREE gift by clicking this link.
ham,I will send the files later today.
spam,Special promotion: claim your FREE voucher today.
spam,Earn money from home with no investment. Join now!
spam,Limited time offer! Get your free coupon today.
spam,WIN BIG! Click now to claim your amazing prize.
ham,I have completed the work. Please check it.
spam,Your FREE subscription is waiting. Activate it today.
ham,I will be available after 3 PM.
ham,"Thanks, I received your message."
spam,Earn money from home with no investment. Join now!
spam,Exclusive offer! Get a FREE gift by clicking this link.
spam,Congratulations! You have won $2500 cash prize. Claim now!
spam,Congratulations! You have received a special bonus.
spam,Make $2500 every day from home. Sign up now!
spam,Instant cash reward available. Apply now!
ham,Your meeting is scheduled for Monday at 11 AM.
ham,Could you please confirm the meeting time?
ham,The project deadline is next week.
spam,Your mobile number has won a lucky draw prize!
spam,You have won a shopping voucher. Redeem it immediately.
ham,Your appointment is confirmed for tomorrow.
spam,Your account has been selected for a cash bonus.
spam,Get rich quickly with this limited-time opportunity.
spam,Final notice! Claim your prize before it expires.
spam,WIN BIG! Click now to claim your amazing prize.
ham,Please update the spreadsheet before the meeting.
ham,Your order has been shipped and will arrive tomorrow.
ham,Your order has been shipped and will arrive tomorrow.
ham,The report is ready for your review.
spam,FREE MONEY! Claim your reward before it expires.
ham,"Thanks, I received your message."
spam,Get 80% OFF on all products. Buy now!
ham,The class will start at 4 PM tomorrow.
ham,The class will start at 4 PM tomorrow.
spam,Instant cash reward available. Apply now!
spam,FREE MONEY! Claim your reward before it expires.
spam,Congratulations! You are eligible for a special reward.
spam,Free gift available for selected users. Claim now!
spam,Important! Verify your account now to receive your reward.
spam,Your mobile number has won a lucky draw prize!
spam,You have won a lottery worth $100. Claim your prize!
ham,"Thanks, I received your message."
spam,You have won a shopping voucher. Redeem it immediately.
spam,Exclusive offer! Get a FREE gift by clicking this link.
spam,You have won a shopping voucher. Redeem it immediately.
ham,Please update the spreadsheet before the meeting.
spam,Your account has been selected for a cash bonus.
spam,Free gift available for selected users. Claim now!
ham,Please update the spreadsheet before the meeting.
ham,"Hi Neha, please find the project report attached."
ham,Let's discuss the project after lunch.
ham,Please send me the assignment before the deadline.
spam,Free gift available for selected users. Claim now!
ham,Your interview is confirmed for Friday at 3 PM.
spam,You are a lucky winner! Send your details to receive the prize.
ham,The team meeting has been moved to Friday.
spam,Get rich quickly with this limited-time opportunity.
ham,Let's discuss the project after lunch.
ham,Please call me when you are free.
ham,Let's discuss the project after lunch.
spam,Special promotion: claim your FREE voucher today.
spam,Final notice! Claim your prize before it expires.
ham,Please call me when you are free.
ham,Let's discuss the project after lunch.
ham,Thanks for helping me with the assignment.
ham,Please send me the assignment before the deadline.
spam,Important! Verify your account now to receive your reward.
ham,The payment receipt has been sent to your email.
ham,I have attached the requested documents.
spam,Congratulations! You are eligible for a special reward.
ham,Please let me know if you need any changes.
spam,Free gift available for selected users. Claim now!
ham,I have attached the requested documents.
spam,Instant cash reward available. Apply now!
ham,The payment receipt has been sent to your email.
spam,Exclusive winner notification: claim your prize today.
ham,Thank you for your email. I will reply soon.
spam,You have won a lottery worth $5000. Claim your prize!
ham,Can we meet tomorrow at 10 AM to discuss the project?
ham,The project deadline is next week.
spam,Exclusive offer! Get a FREE gift by clicking this link.
ham,The project deadline is next week.
spam,Instant cash reward available. Apply now!
ham,Your interview is confirmed for Friday at 10 AM.
spam,Congratulations! You have received a special bonus.
ham,The payment receipt has been sent to your email.
spam,You have won a shopping voucher. Redeem it immediately.
spam,Instant cash reward available. Apply now!
spam,Congratulations! You have received a special bonus.
spam,You are a lucky winner! Send your details to receive the prize.
spam,Win a brand new car! Enter the contest today.
ham,"Hi John, please find the project report attached."
spam,Your account has been selected for a cash bonus.
ham,Your interview is confirmed for Friday at 11 AM.
spam,Win a brand new car! Enter the contest today.
ham,Please update the spreadsheet before the meeting.
spam,Make $10000 every day from home. Sign up now!
ham,Your appointment is confirmed for tomorrow.
ham,I have completed the work. Please check it.
spam,Don't miss this amazing offer. Buy now and save big!
spam,Congratulations! You are eligible for a special reward.
spam,Congratulations! You have received a special bonus.
spam,Limited time offer! Get your free coupon today.
spam,FREE MONEY! Claim your reward before it expires.
spam,Instant cash reward available. Apply now!
spam,Exclusive offer! Get a FREE gift by clicking this link.
spam,WIN BIG! Click now to claim your amazing prize.
spam,FREE MONEY! Claim your reward before it expires.
ham,The requested information is included in the document.
spam,Make $5000 every day from home. Sign up now!
spam,Your FREE subscription is waiting. Activate it today.
ham,Your package is ready for pickup.
spam,URGENT! You have been selected for a FREE iPhone. Click here now!
spam,You have won a shopping voucher. Redeem it immediately.
spam,Your mobile number has won a lucky draw prize!
ham,The team meeting has been moved to Friday.
ham,The project deadline is next week.
spam,Exclusive offer! Get a FREE gift by clicking this link.
ham,Please update the spreadsheet before the meeting.
ham,The payment receipt has been sent to your email.
ham,The class will start at 4 PM tomorrow.
ham,I have attached the requested documents.
ham,I have completed the work. Please check it.
ham,Your meeting is scheduled for Monday at 10 AM.
spam,Congratulations! You have received a special bonus.
ham,Your package is ready for pickup.
ham,"Thanks, I received your message."
ham,Your interview is confirmed for Friday at 2 PM.
ham,The class will start at 4 PM tomorrow.
spam,Your account has been selected for a cash bonus.
spam,You have won a shopping voucher. Redeem it immediately.
spam,You have been chosen for an exclusive cash giveaway.
spam,URGENT! You have been selected for a FREE iPhone. Click here now!
spam,Make $100 every day from home. Sign up now!
ham,I will be available after 3 PM.
ham,Can you share the presentation with me?
ham,Your interview is confirmed for Friday at 11 AM.
ham,Your package is ready for pickup.
spam,Important! Verify your account now to receive your reward.
spam,You are a lucky winner! Send your details to receive the prize.
spam,Exclusive winner notification: claim your prize today.
ham,The requested information is included in the document.
ham,"Hi Sam, please find the project report attached."
spam,You are selected for a $1000 reward. Claim immediately!
spam,Final notice! Claim your prize before it expires.
ham,Your interview is confirmed for Friday at 11 AM.
ham,The report is ready for your review.
ham,The project deadline is next week.
ham,Your meeting is scheduled for Monday at 2 PM.
spam,Get 90% OFF on all products. Buy now!
ham,Please remember to bring your laptop to the meeting.
spam,Earn money from home with no investment. Join now!
spam,Your mobile number has won a lucky draw prize!
spam,Important! Verify your account now to receive your reward.
spam,Exclusive offer! Get a FREE gift by clicking this link.
ham,Please update the spreadsheet before the meeting.
ham,The team meeting has been moved to Friday.
spam,Free gift available for selected users. Claim now!
ham,Can we meet tomorrow at 11 AM to discuss the project?
ham,Thank you for your email. I will reply soon.
ham,Thanks for helping me with the assignment.
spam,You have won a shopping voucher. Redeem it immediately.
spam,Final notice! Claim your prize before it expires.
ham,Can we meet tomorrow at 2 PM to discuss the project?
spam,Important! Verify your account now to receive your reward.
ham,The team meeting has been moved to Friday.
ham,Can you share the presentation with me?
spam,Get 95% OFF on all products. Buy now!
spam,Important! Verify your account now to receive your reward.
spam,Free gift available for selected users. Claim now!
ham,Thank you for your email. I will reply soon.
ham,Please let me know if you need any changes.
spam,Congratulations! You have won $100 cash prize. Claim now!
spam,Make $500 every day from home. Sign up now!
spam,Get rich quickly with this limited-time opportunity.
ham,Thank you for your email. I will reply soon.
ham,Your appointment is confirmed for tomorrow.
spam,WIN BIG! Click now to claim your amazing prize.
ham,Please let me know if you need any changes.
spam,Earn money from home with no investment. Join now!
ham,The class will start at 9 AM tomorrow.
spam,You are selected for a $500 reward. Claim immediately!
ham,The project deadline is next week.
ham,"Thanks, I received your message."
ham,Your appointment is confirmed for tomorrow.
ham,The requested information is included in the document.
ham,I will be available after 3 PM.
ham,I will send the files later today.
ham,Please send me the assignment before the deadline.
ham,Your meeting is scheduled for Monday at 3 PM.
spam,Instant cash reward available. Apply now!
ham,Please update the spreadsheet before the meeting.
ham,Thanks for helping me with the assignment.
spam,Get 95% OFF on all products. Buy now!
spam,Congratulations! You have received a special bonus.
spam,Get 90% OFF on all products. Buy now!
spam,Limited time offer! Get your free coupon today.
ham,I will send the files later today.
spam,Exclusive winner notification: claim your prize today.
ham,Your appointment is confirmed for tomorrow.
spam,You have been chosen for an exclusive cash giveaway.
spam,Click now and receive your free bonus.
ham,Your appointment is confirmed for tomorrow.
spam,Important! Verify your account now to receive your reward.
ham,Can we meet tomorrow at 4 PM to discuss the project?
ham,I will send the files later today.
spam,Earn money from home with no investment. Join now!
ham,Thank you for your email. I will reply soon.
spam,Free gift available for selected users. Claim now!
ham,Can we meet tomorrow at 3 PM to discuss the project?
ham,The exam timetable has been uploaded.
spam,Win a brand new car! Enter the contest today.
spam,Free gift available for selected users. Claim now!
spam,WIN BIG! Click now to claim your amazing prize.
ham,Your appointment is confirmed for tomorrow.
spam,URGENT! You have been selected for a FREE iPhone. Click here now!
spam,WIN BIG! Click now to claim your amazing prize.
ham,Your order has been shipped and will arrive tomorrow.
ham,The exam timetable has been uploaded.
spam,You are selected for a $10000 reward. Claim immediately!
spam,You are a lucky winner! Send your details to receive the prize.
spam,Get rich quickly with this limited-time opportunity.
spam,Congratulations! You have won $5000 cash prize. Claim now!
spam,Your account has been selected for a cash bonus.
ham,Please call me when you are free.
ham,Your interview is confirmed for Friday at 4 PM.
ham,Please review the document and share your feedback.
spam,Instant cash reward available. Apply now!
spam,Important! Verify your account now to receive your reward.
ham,"Thanks, I received your message."
spam,Your mobile number has won a lucky draw prize!
ham,Please remember to bring your laptop to the meeting.
ham,Can we meet tomorrow at 3 PM to discuss the project?
spam,Win a brand new car! Enter the contest today.
spam,Instant cash reward available. Apply now!
spam,Don't miss this amazing offer. Buy now and save big!
spam,Get rich quickly with this limited-time opportunity.
ham,Your meeting is scheduled for Monday at 9 AM.
ham,Let's discuss the project after lunch.
spam,Make $5000 every day from home. Sign up now!
ham,Your package is ready for pickup.
ham,Please call me when you are free.
ham,Please review the document and share your feedback.
ham,I will send the files later today.
ham,Let's discuss the project after lunch.
spam,Congratulations! You are eligible for a special reward.
spam,Congratulations! You have received a special bonus.
ham,I have completed the work. Please check it.
spam,You are selected for a $10000 reward. Claim immediately!
ham,Please review the document and share your feedback.
ham,I will send the files later today.
spam,Win a brand new car! Enter the contest today.
spam,You are a lucky winner! Send your details to receive the prize.
spam,You are a lucky winner! Send your details to receive the prize.
spam,You are selected for a $100 reward. Claim immediately!
spam,Instant cash reward available. Apply now!
ham,Your order has been shipped and will arrive tomorrow.
ham,Thank you for your email. I will reply soon.
ham,Please update the spreadsheet before the meeting.
spam,Congratulations! You are eligible for a special reward.
spam,Exclusive winner notification: claim your prize today.
ham,I will send the files later today.
spam,Free gift available for selected users. Claim now!
spam,Final notice! Claim your prize before it expires.
spam,Make $2500 every day from home. Sign up now!
spam,Win a brand new car! Enter the contest today.
spam,Earn money from home with no investment. Join now!
spam,URGENT! You have been selected for a FREE iPhone. Click here now!
spam,You have won a lottery worth $10000. Claim your prize!
spam,Get rich quickly with this limited-time opportunity.
ham,Your meeting is scheduled for Monday at 2 PM.
spam,You are selected for a $2500 reward. Claim immediately!
spam,Your account has been selected for a cash bonus.
spam,Don't miss this amazing offer. Buy now and save big!
ham,"Thanks, I received your message."
spam,Final notice! Claim your prize before it expires.
ham,I will be available after 3 PM.
spam,Free gift available for selected users. Claim now!
ham,Please update the spreadsheet before the meeting.
spam,Don't miss this amazing offer. Buy now and save big!
spam,Important! Verify your account now to receive your reward.
ham,The requested information is included in the document.
spam,Special promotion: claim your FREE voucher today.
ham,The report is ready for your review.
spam,URGENT! You have been selected for a FREE iPhone. Click here now!
ham,Please update the spreadsheet before the meeting.
ham,The team meeting has been moved to Friday.
spam,Win a brand new car! Enter the contest today.
spam,Limited time offer! Get your free coupon today.
spam,Act now! Your account has won a cash reward.
ham,I will be available after 3 PM.
ham,Could you please confirm the meeting time?
spam,Congratulations! You have received a special bonus.
spam,You are selected for a $100 reward. Claim immediately!
spam,Instant cash reward available. Apply now!
ham,The project deadline is next week.
ham,I will be available after 3 PM.
ham,Please call me when you are free.
ham,Can you share the presentation with me?
ham,I will send the files later today.
spam,Free gift available for selected users. Claim now!
ham,Can you share the presentation with me?
spam,Exclusive winner notification: claim your prize today.
ham,I have completed the work. Please check it.
ham,"Thanks, I received your message."
ham,"Thanks, I received your message."
spam,Instant cash reward available. Apply now!
spam,Special promotion: claim your FREE voucher today.
spam,Get 90% OFF on all products. Buy now!
spam,Your account has been selected for a cash bonus.
spam,Congratulations! You have won $1000 cash prize. Claim now!
ham,Please call me when you are free.
spam,Free gift available for selected users. Claim now!
ham,Please update the spreadsheet before the meeting.
spam,Exclusive offer! Get a FREE gift by clicking this link.
spam,You are selected for a $5000 reward. Claim immediately!
ham,The payment receipt has been sent to your email.
spam,You have won a lottery worth $1000. Claim your prize!
ham,The class will start at 9 AM tomorrow.
ham,Could you please confirm the meeting time?
spam,Act now! Your account has won a cash reward.
spam,Special promotion: claim your FREE voucher today.
ham,I have completed the work. Please check it.
ham,The class will start at 3 PM tomorrow.
spam,Final notice! Claim your prize before it expires.
spam,Your FREE subscription is waiting. Activate it today.
spam,WIN BIG! Click now to claim your amazing prize.
spam,Don't miss this amazing offer. Buy now and save big!
ham,Could you please confirm the meeting time?
ham,Can we meet tomorrow at 10 AM to discuss the project?
spam,Congratulations! You have won $10000 cash prize. Claim now!
ham,The exam timetable has been uploaded.
spam,Your mobile number has won a lucky draw prize!
ham,Your appointment is confirmed for tomorrow.
ham,Your package is ready for pickup.
ham,The report is ready for your review.
ham,Thanks for helping me with the assignment.
ham,Can you share the presentation with me?
ham,Thank you for your email. I will reply soon.
ham,Your meeting is scheduled for Monday at 10 AM.
spam,You have won a lottery worth $5000. Claim your prize!
spam,Get rich quickly with this limited-time opportunity.
ham,I have attached the requested documents.
spam,URGENT! You have been selected for a FREE iPhone. Click here now!
ham,I have completed the work. Please check it.
ham,Can we meet tomorrow at 11 AM to discuss the project?
spam,Get rich quickly with this limited-time opportunity.
ham,The class will start at 3 PM tomorrow.
spam,Earn money from home with no investment. Join now!
ham,I have completed the work. Please check it.
ham,Can you share the presentation with me?
spam,Special promotion: claim your FREE voucher today.
spam,You are a lucky winner! Send your details to receive the prize.
spam,You are selected for a $10000 reward. Claim immediately!
ham,Please update the spreadsheet before the meeting.
spam,Special promotion: claim your FREE voucher today.
spam,Click now and receive your free bonus.
ham,Please let me know if you need any changes.
ham,The payment receipt has been sent to your email.
spam,Congratulations! You have won $1000 cash prize. Claim now!
ham,The payment receipt has been sent to your email.
spam,You have won a shopping voucher. Redeem it immediately.
spam,Make $5000 every day from home. Sign up now!
ham,Thanks for helping me with the assignment.
ham,The payment receipt has been sent to your email.
spam,Special promotion: claim your FREE voucher today.
spam,Make $1000 every day from home. Sign up now!
ham,Can we meet tomorrow at 11 AM to discuss the project?
ham,The project deadline is next week.
ham,The exam timetable has been uploaded.
ham,Can you share the presentation with me?
ham,The payment receipt has been sent to your email.
ham,The team meeting has been moved to Friday.
ham,Can we meet tomorrow at 2 PM to discuss the project?
spam,Get rich quickly with this limited-time opportunity.
ham,Can we meet tomorrow at 10 AM to discuss the project?
spam,Click now and receive your free bonus.
spam,Limited time offer! Get your free coupon today.
spam,Your FREE subscription is waiting. Activate it today.
spam,Click now and receive your free bonus.
ham,"Hi Neha, please find the project report attached."
ham,Please call me when you are free.
ham,Your order has been shipped and will arrive tomorrow.
spam,You have been chosen for an exclusive cash giveaway.
ham,Please review the document and share your feedback.
spam,FREE MONEY! Claim your reward before it expires.
ham,Please let me know if you need any changes.
ham,Can we meet tomorrow at 10 AM to discuss the project?
spam,You have won a shopping voucher. Redeem it immediately.
spam,Important! Verify your account now to receive your reward.
ham,The team meeting has been moved to Friday.
ham,The payment receipt has been sent to your email.
spam,You have won a lottery worth $500. Claim your prize!
spam,Earn money from home with no investment. Join now!
spam,Earn money from home with no investment. Join now!
ham,The project deadline is next week.
ham,Please remember to bring your laptop to the meeting.
ham,Your order has been shipped and will arrive tomorrow.
ham,Thanks for helping me with the assignment.
ham,Your appointment is confirmed for tomorrow.
spam,Make $2500 every day from home. Sign up now!
ham,Please review the document and share your feedback.
spam,Your mobile number has won a lucky draw prize!
spam,You have won a lottery worth $10000. Claim your prize!
spam,Instant cash reward available. Apply now!
spam,You are a lucky winner! Send your details to receive the prize.
spam,Congratulations! You are eligible for a special reward.
spam,You have been chosen for an exclusive cash giveaway.
spam,URGENT! You have been selected for a FREE iPhone. Click here now!
ham,I will be available after 3 PM.
spam,Your FREE subscription is waiting. Activate it today.
ham,The class will start at 9 AM tomorrow.
spam,Get 70% OFF on all products. Buy now!
spam,Don't miss this amazing offer. Buy now and save big!
spam,Your account has been selected for a cash bonus.
ham,I have completed the work. Please check it.
spam,Your FREE subscription is waiting. Activate it today.
spam,FREE MONEY! Claim your reward before it expires.
ham,I will be available after 3 PM.
ham,The requested information is included in the document.
spam,You have won a shopping voucher. Redeem it immediately.
spam,Earn money from home with no investment. Join now!
ham,The project deadline is next week.
spam,WIN BIG! Click now to claim your amazing prize.
ham,The exam timetable has been uploaded.
spam,Your mobile number has won a lucky draw prize!
ham,The team meeting has been moved to Friday.
ham,Your appointment is confirmed for tomorrow.
ham,The team meeting has been moved to Friday.
spam,You have won a lottery worth $1000. Claim your prize!
spam,You are selected for a $1000 reward. Claim immediately!
ham,The exam timetable has been uploaded.
spam,Congratulations! You have won $100 cash prize. Claim now!
ham,Please update the spreadsheet before the meeting.
spam,You have won a lottery worth $500. Claim your prize!
spam,Important! Verify your account now to receive your reward.
spam,You have won a lottery worth $2500. Claim your prize!
ham,Please send me the assignment before the deadline.
spam,Win a brand new car! Enter the contest today.
ham,The class will start at 10 AM tomorrow.
spam,Earn money from home with no investment. Join now!
ham,The team meeting has been moved to Friday.
spam,Exclusive offer! Get a FREE gift by clicking this link.
spam,Final notice! Claim your prize before it expires.
ham,Can we meet tomorrow at 9 AM to discuss the project?
spam,You have won a shopping voucher. Redeem it immediately.
spam,Get 90% OFF on all products. Buy now!
spam,FREE MONEY! Claim your reward before it expires.
ham,I will be available after 3 PM.
spam,Click now and receive your free bonus.
spam,Congratulations! You are eligible for a special reward.
ham,The payment receipt has been sent to your email.
spam,You have won a shopping voucher. Redeem it immediately.
ham,The report is ready for your review.
spam,Win a brand new car! Enter the contest today.
spam,Your mobile number has won a lucky draw prize!
ham,Your order has been shipped and will arrive tomorrow.
ham,Please review the document and share your feedback.
spam,Congratulations! You have won $5000 cash prize. Claim now!
spam,Free gift available for selected users. Claim now!
ham,Your order has been shipped and will arrive tomorrow.
spam,Get rich quickly with this limited-time opportunity.
ham,Please send me the assignment before the deadline.
ham,Please let me know if you need any changes.
spam,Act now! Your account has won a cash reward.
ham,I have attached the requested documents.
spam,Get 70% OFF on all products. Buy now!
spam,Congratulations! You have won $1000 cash prize. Claim now!
ham,I will be available after 3 PM.
spam,Congratulations! You have received a special bonus.
ham,The report is ready for your review.
spam,You are selected for a $10000 reward. Claim immediately!
spam,Special promotion: claim your FREE voucher today.
ham,Can we meet tomorrow at 4 PM to discuss the project?
spam,You are selected for a $2500 reward. Claim immediately!
ham,Please review the document and share your feedback.
spam,Act now! Your account has won a cash reward.
ham,Thanks for helping me with the assignment.
ham,The payment receipt has been sent to your email.
spam,Your mobile number has won a lucky draw prize!
ham,The class will start at 2 PM tomorrow.
ham,Please update the spreadsheet before the meeting.
spam,Your mobile number has won a lucky draw prize!
spam,Final notice! Claim your prize before it expires.
spam,You are selected for a $100 reward. Claim immediately!
ham,Your interview is confirmed for Friday at 4 PM.
spam,Click now and receive your free bonus.
spam,Get rich quickly with this limited-time opportunity.
ham,Your appointment is confirmed for tomorrow.
spam,Your account has been selected for a cash bonus.
spam,Limited time offer! Get your free coupon today.
spam,Free gift available for selected users. Claim now!
spam,Exclusive offer! Get a FREE gift by clicking this link.
ham,Please call me when you are free.
ham,Could you please confirm the meeting time?
ham,Can you share the presentation with me?
ham,Thanks for helping me with the assignment.
ham,Please call me when you are free.
spam,Congratulations! You have received a special bonus.
spam,Congratulations! You have received a special bonus.
ham,Thanks for helping me with the assignment.
spam,Don't miss this amazing offer. Buy now and save big!
ham,Your appointment is confirmed for tomorrow.
spam,Get rich quickly with this limited-time opportunity.
ham,I have attached the requested documents.
spam,You are a lucky winner! Send your details to receive the prize.
spam,Special promotion: claim your FREE voucher today.
ham,Please send me the assignment before the deadline.
ham,"Thanks, I received your message."
spam,Instant cash reward available. Apply now!
ham,Please call me when you are free.
ham,Your order has been shipped and will arrive tomorrow.
spam,Make $1000 every day from home. Sign up now!
ham,I will be available after 3 PM.
ham,Thank you for your email. I will reply soon.
ham,I will be available after 3 PM.
ham,The payment receipt has been sent to your email.
ham,"Thanks, I received your message."
ham,I will send the files later today.
spam,Exclusive winner notification: claim your prize today.
ham,Let's discuss the project after lunch.
ham,Your meeting is scheduled for Monday at 11 AM.
spam,Limited time offer! Get your free coupon today.
spam,Free gift available for selected users. Claim now!
ham,Thank you for your email. I will reply soon.
ham,Let's discuss the project after lunch.
ham,I will send the files later today.
spam,You have been chosen for an exclusive cash giveaway.
ham,Your appointment is confirmed for tomorrow.
spam,Free gift available for selected users. Claim now!
ham,Can you share the presentation with me?
spam,Special promotion: claim your FREE voucher today.
ham,Can you share the presentation with me?
spam,Instant cash reward available. Apply now!
ham,I have completed the work. Please check it.
ham,Can we meet tomorrow at 9 AM to discuss the project?
ham,The exam timetable has been uploaded.
spam,URGENT! You have been selected for a FREE iPhone. Click here now!
spam,FREE MONEY! Claim your reward before it expires.
ham,I have completed the work. Please check it.
spam,URGENT! You have been selected for a FREE iPhone. Click here now!
ham,I will send the files later today.
spam,Important! Verify your account now to receive your reward.
ham,Thanks for helping me with the assignment.
ham,The requested information is included in the document.
spam,Instant cash reward available. Apply now!
spam,Make $10000 every day from home. Sign up now!
ham,The exam timetable has been uploaded.
spam,FREE MONEY! Claim your reward before it expires.
ham,Please let me know if you need any changes.
spam,Free gift available for selected users. Claim now!
ham,The report is ready for your review.
ham,The team meeting has been moved to Friday.
spam,Click now and receive your free bonus.
ham,Please let me know if you need any changes.
spam,WIN BIG! Click now to claim your amazing prize.
spam,Earn money from home with no investment. Join now!
ham,Please update the spreadsheet before the meeting.
spam,Act now! Your account has won a cash reward.
spam,Exclusive winner notification: claim your prize today.
spam,Special promotion: claim your FREE voucher today.
ham,I have completed the work. Please check it.
ham,The team meeting has been moved to Friday.
ham,Let's discuss the project after lunch.
spam,Congratulations! You are eligible for a special reward.
spam,Make $1000 every day from home. Sign up now!
ham,Please call me when you are free.
spam,Special promotion: claim your FREE voucher today.
ham,Please send me the assignment before the deadline.
spam,You have won a shopping voucher. Redeem it immediately.
spam,URGENT! You have been selected for a FREE iPhone. Click here now!
ham,Thank you for your email. I will reply soon.
spam,Final notice! Claim your prize before it expires.
ham,Could you please confirm the meeting time?
spam,Exclusive winner notification: claim your prize today.
spam,Free gift available for selected users. Claim now!
spam,Earn money from home with no investment. Join now!
spam,URGENT! You have been selected for a FREE iPhone. Click here now!
ham,Your meeting is scheduled for Monday at 10 AM.
ham,I will send the files later today.
ham,The project deadline is next week.
spam,Free gift available for selected users. Claim now!
spam,WIN BIG! Click now to claim your amazing prize.
ham,Thanks for helping me with the assignment.
ham,I will be available after 3 PM.
spam,Don't miss this amazing offer. Buy now and save big!
spam,WIN BIG! Click now to claim your amazing prize.
ham,Thanks for helping me with the assignment.
ham,The team meeting has been moved to Friday.
spam,You have won a lottery worth $1000. Claim your prize!
spam,Get rich quickly with this limited-time opportunity.
ham,Please call me when you are free.
ham,Let's discuss the project after lunch.
spam,URGENT! You have been selected for a FREE iPhone. Click here now!
ham,"Thanks, I received your message."
ham,The class will start at 4 PM tomorrow.
spam,Your account has been selected for a cash bonus.
spam,You have been chosen for an exclusive cash giveaway.
spam,Exclusive winner notification: claim your prize today.
spam,Congratulations! You are eligible for a special reward.
spam,Final notice! Claim your prize before it expires.
ham,Please let me know if you need any changes.
ham,The class will start at 11 AM tomorrow.
spam,Don't miss this amazing offer. Buy now and save big!
spam,Important! Verify your account now to receive your reward.
spam,Win a brand new car! Enter the contest today.
ham,Could you please confirm the meeting time?
ham,Can you share the presentation with me?
spam,Win a brand new car! Enter the contest today.
ham,Please review the document and share your feedback.
spam,Your FREE subscription is waiting. Activate it today.
spam,You are a lucky winner! Send your details to receive the prize.
spam,Don't miss this amazing offer. Buy now and save big!
spam,You are selected for a $100 reward. Claim immediately!
spam,Exclusive winner notification: claim your prize today.
ham,Could you please confirm the meeting time?
ham,I have completed the work. Please check it.
spam,You have won a lottery worth $100. Claim your prize!
ham,The class will start at 3 PM tomorrow.
ham,Please let me know if you need any changes.
spam,Click now and receive your free bonus.
spam,Final notice! Claim your prize before it expires.
ham,Please update the spreadsheet before the meeting.
ham,The report is ready for your review.
spam,Your FREE subscription is waiting. Activate it today.
ham,The project deadline is next week.
spam,Congratulations! You have won $10000 cash prize. Claim now!
spam,Earn money from home with no investment. Join now!
spam,Don't miss this amazing offer. Buy now and save big!
spam,You have been chosen for an exclusive cash giveaway.
spam,Earn money from home with no investment. Join now!
ham,Please update the spreadsheet before the meeting.
ham,The project deadline is next week.
ham,Please let me know if you need any changes.
spam,You have won a shopping voucher. Redeem it immediately.
ham,Your package is ready for pickup.
spam,Congratulations! You are eligible for a special reward.
spam,Your FREE subscription is waiting. Activate it today.
ham,Please remember to bring your laptop to the meeting.
ham,Please update the spreadsheet before the meeting.
spam,Limited time offer! Get your free coupon today.
spam,Click now and receive your free bonus.
spam,You are a lucky winner! Send your details to receive the prize.
ham,Please let me know if you need any changes.
spam,You have won a shopping voucher. Redeem it immediately.
ham,The report is ready for your review.
ham,Please update the spreadsheet before the meeting.
spam,FREE MONEY! Claim your reward before it expires.
ham,Please let me know if you need any changes.
ham,Thank you for your email. I will reply soon.
ham,Your meeting is scheduled for Monday at 4 PM.
ham,Can you share the presentation with me?
ham,Thanks for helping me with the assignment.
spam,Your mobile number has won a lucky draw prize!
ham,The report is ready for your review.
spam,Congratulations! You have won $500 cash prize. Claim now!
ham,"Hi Rahul, please find the project report attached."
spam,Exclusive offer! Get a FREE gift by clicking this link.
ham,Please send me the assignment before the deadline.
ham,The project deadline is next week.
ham,The class will start at 9 AM tomorrow.
ham,The report is ready for your review.
ham,The class will start at 2 PM tomorrow.
spam,WIN BIG! Click now to claim your amazing prize.
ham,Thank you for your email. I will reply soon.
spam,Congratulations! You have received a special bonus.
spam,Special promotion: claim your FREE voucher today.
spam,Special promotion: claim your FREE voucher today.
ham,Your package is ready for pickup.
ham,Could you please confirm the meeting time?
spam,You are a lucky winner! Send your details to receive the prize.
spam,Final notice! Claim your prize before it expires.
ham,Please update the spreadsheet before the meeting.
ham,Your appointment is confirmed for tomorrow.
ham,Your meeting is scheduled for Monday at 9 AM.
ham,I have attached the requested documents.
spam,Win a brand new car! Enter the contest today.
ham,Your order has been shipped and will arrive tomorrow.
spam,Click now and receive your free bonus.
ham,Please let me know if you need any changes.
spam,Make $2500 every day from home. Sign up now!
ham,The class will start at 2 PM tomorrow.
spam,Act now! Your account has won a cash reward.
spam,Exclusive winner notification: claim your prize today.
ham,The project deadline is next week.
ham,I have attached the requested documents.
ham,Your order has been shipped and will arrive tomorrow.
spam,You are a lucky winner! Send your details to receive the prize.
ham,The team meeting has been moved to Friday.
spam,Make $100 every day from home. Sign up now!
spam,Congratulations! You have won $500 cash prize. Claim now!
spam,Final notice! Claim your prize before it expires.
ham,I have attached the requested documents.
ham,Your interview is confirmed for Friday at 3 PM.
ham,Thank you for your email. I will reply soon.
ham,Your interview is confirmed for Friday at 10 AM.
ham,Please review the document and share your feedback.
spam,Your account has been selected for a cash bonus.
ham,Your package is ready for pickup.
spam,Get rich quickly with this limited-time opportunity.
spam,You are selected for a $500 reward. Claim immediately!
ham,Thanks for helping me with the assignment.
spam,Instant cash reward available. Apply now!
spam,Click now and receive your free bonus.
ham,I will send the files later today.
spam,You have won a lottery worth $5000. Claim your prize!
ham,Thanks for helping me with the assignment.
ham,Please remember to bring your laptop to the meeting.
spam,Final notice! Claim your prize before it expires.
ham,Please send me the assignment before the deadline.
ham,Thank you for your email. I will reply soon.
spam,Final notice! Claim your prize before it expires.
spam,Instant cash reward available. Apply now!
spam,Exclusive offer! Get a FREE gift by clicking this link.
ham,I have completed the work. Please check it.
spam,Congratulations! You are eligible for a special reward.
ham,Your interview is confirmed for Friday at 2 PM.
ham,Thanks for helping me with the assignment.
ham,I will be available after 3 PM.
ham,I have completed the work. Please check it.
spam,Your mobile number has won a lucky draw prize!
spam,You have won a lottery worth $2500. Claim your prize!
spam,You are a lucky winner! Send your details to receive the prize.
ham,I have attached the requested documents.
spam,Make $2500 every day from home. Sign up now!
spam,Important! Verify your account now to receive your reward.
ham,I will send the files later today.
ham,Can you share the presentation with me?
ham,The team meeting has been moved to Friday.
ham,The team meeting has been moved to Friday.
ham,Please send me the assignment before the deadline.
spam,Exclusive winner notification: claim your prize today.
spam,Free gift available for selected users. Claim now!
ham,Your package is ready for pickup.
ham,Please review the document and share your feedback.
ham,The payment receipt has been sent to your email.
spam,You are a lucky winner! Send your details to receive the prize.
ham,Your package is ready for pickup.
ham,Let's discuss the project after lunch.
spam,WIN BIG! Click now to claim your amazing prize.
ham,Thank you for your email. I will reply soon.
spam,WIN BIG! Click now to claim your amazing prize.
spam,Your FREE subscription is waiting. Activate it today.
spam,Your account has been selected for a cash bonus.
ham,The class will start at 3 PM tomorrow.
ham,Your appointment is confirmed for tomorrow.
spam,WIN BIG! Click now to claim your amazing prize.
spam,Exclusive winner notification: claim your prize today.
spam,Exclusive offer! Get a FREE gift by clicking this link.
spam,Congratulations! You have won $2500 cash prize. Claim now!
spam,Make $10000 every day from home. Sign up now!
spam,URGENT! You have been selected for a FREE iPhone. Click here now!
spam,Exclusive offer! Get a FREE gift by clicking this link.
spam,Congratulations! You are eligible for a special reward.
spam,Special promotion: claim your FREE voucher today.
ham,Thanks for helping me with the assignment.
ham,"Hi Priya, please find the project report attached."
ham,The project deadline is next week.
ham,The class will start at 2 PM tomorrow.
ham,Your package is ready for pickup.
spam,Congratulations! You have won $5000 cash prize. Claim now!
spam,Earn money from home with no investment. Join now!
ham,Your meeting is scheduled for Monday at 2 PM.
ham,I will be available after 3 PM.
ham,Please update the spreadsheet before the meeting.
spam,You have won a lottery worth $10000. Claim your prize!
spam,Click now and receive your free bonus.
ham,The report is ready for your review.
ham,Could you please confirm the meeting time?
spam,You have won a lottery worth $2500. Claim your prize!
spam,Get rich quickly with this limited-time opportunity.
ham,Can we meet tomorrow at 4 PM to discuss the project?
spam,Congratulations! You have won $2500 cash prize. Claim now!
ham,Thank you for your email. I will reply soon.
spam,FREE MONEY! Claim your reward before it expires.
spam,Your account has been selected for a cash bonus.
ham,Could you please confirm the meeting time?
ham,The report is ready for your review.
ham,Your appointment is confirmed for tomorrow.
spam,Your FREE subscription is waiting. Activate it today.
ham,Please let me know if you need any changes.
spam,You are selected for a $2500 reward. Claim immediately!
spam,You are selected for a $1000 reward. Claim immediately!
ham,Your order has been shipped and will arrive tomorrow.
spam,WIN BIG! Click now to claim your amazing prize.
spam,Act now! Your account has won a cash reward.
ham,I have attached the requested documents.
spam,Congratulations! You have won $100 cash prize. Claim now!
spam,Act now! Your account has won a cash reward.
spam,Make $10000 every day from home. Sign up now!
spam,Congratulations! You are eligible for a special reward.
ham,Please review the document and share your feedback.
ham,Could you please confirm the meeting time?
spam,Win a brand new car! Enter the contest today.
ham,Please review the document and share your feedback.
spam,FREE MONEY! Claim your reward before it expires.
ham,Please call me when you are free.
spam,Congratulations! You have won $1000 cash prize. Claim now!
ham,Your meeting is scheduled for Monday at 11 AM.
ham,Please update the spreadsheet before the meeting.
ham,Please remember to bring your laptop to the meeting.
spam,You are a lucky winner! Send your details to receive the prize.
spam,Instant cash reward available. Apply now!
spam,Win a brand new car! Enter the contest today.
ham,Please update the spreadsheet before the meeting.
ham,Could you please confirm the meeting time?
ham,Could you please confirm the meeting time?
spam,Get 95% OFF on all products. Buy now!
spam,Get 80% OFF on all products. Buy now!
ham,Your meeting is scheduled for Monday at 2 PM.
spam,Congratulations! You have won $2500 cash prize. Claim now!
ham,The project deadline is next week.
ham,Your appointment is confirmed for tomorrow.
spam,You have been chosen for an exclusive cash giveaway.
spam,You are a lucky winner! Send your details to receive the prize.
ham,"Hi John, please find the project report attached."
spam,You have been chosen for an exclusive cash giveaway.
spam,Earn money from home with no investment. Join now!
ham,Please remember to bring your laptop to the meeting.
ham,Your order has been shipped and will arrive tomorrow.
ham,Your package is ready for pickup.
spam,URGENT! You have been selected for a FREE iPhone. Click here now!
ham,Please send me the assignment before the deadline.
spam,Your FREE subscription is waiting. Activate it today.
spam,Act now! Your account has won a cash reward.
ham,The payment receipt has been sent to your email.
ham,Could you please confirm the meeting time?
ham,I will send the files later today.
spam,Earn money from home with no investment. Join now!
ham,Your package is ready for pickup.
spam,FREE MONEY! Claim your reward before it expires.
ham,Please remember to bring your laptop to the meeting.
spam,Your mobile number has won a lucky draw prize!
spam,Get rich quickly with this limited-time opportunity.
spam,Get rich quickly with this limited-time opportunity.
spam,Your FREE subscription is waiting. Activate it today.
ham,The team meeting has been moved to Friday.
spam,Don't miss this amazing offer. Buy now and save big!
ham,Please call me when you are free.
ham,The project deadline is next week.
spam,Earn money from home with no investment. Join now!
spam,You have won a shopping voucher. Redeem it immediately.
spam,You are selected for a $10000 reward. Claim immediately!
ham,The report is ready for your review.
ham,I have attached the requested documents.
spam,Act now! Your account has won a cash reward.
ham,Please call me when you are free.
spam,You have been chosen for an exclusive cash giveaway.
spam,Congratulations! You have received a special bonus.
spam,Get 50% OFF on all products. Buy now!
ham,I have completed the work. Please check it.
ham,Please call me when you are free.
spam,Important! Verify your account now to receive your reward.
spam,You are selected for a $10000 reward. Claim immediately!
spam,Win a brand new car! Enter the contest today.
spam,You have been chosen for an exclusive cash giveaway.
spam,Act now! Your account has won a cash reward.
ham,The report is ready for your review.
ham,Thank you for your email. I will reply soon.
ham,The payment receipt has been sent to your email.
spam,You have won a shopping voucher. Redeem it immediately.
spam,You are selected for a $5000 reward. Claim immediately!
ham,The payment receipt has been sent to your email.
spam,Final notice! Claim your prize before it expires.
ham,Your appointment is confirmed for tomorrow.
spam,You are selected for a $2500 reward. Claim immediately!
spam,WIN BIG! Click now to claim your amazing prize.
spam,Your account has been selected for a cash bonus.
spam,You are selected for a $2500 reward. Claim immediately!
ham,Could you please confirm the meeting time?
ham,The team meeting has been moved to Friday.
ham,"Hi Sam, please find the project report attached."
spam,Final notice! Claim your prize before it expires.
spam,Your account has been selected for a cash bonus.
spam,Get 80% OFF on all products. Buy now!
spam,Important! Verify your account now to receive your reward.
ham,Please let me know if you need any changes.
ham,I will send the files later today.
ham,"Thanks, I received your message."
spam,Your FREE subscription is waiting. Activate it today.
ham,Let's discuss the project after lunch.
ham,The exam timetable has been uploaded.
ham,"Hi Priya, please find the project report attached."
ham,I have attached the requested documents.
spam,You have won a shopping voucher. Redeem it immediately.
ham,Your appointment is confirmed for tomorrow.
spam,Congratulations! You are eligible for a special reward.
ham,The payment receipt has been sent to your email.
spam,Congratulations! You have received a special bonus.
spam,Get 70% OFF on all products. Buy now!
ham,Your order has been shipped and will arrive tomorrow.
spam,Don't miss this amazing offer. Buy now and save big!
ham,Your meeting is scheduled for Monday at 4 PM.
ham,Can you share the presentation with me?
spam,Instant cash reward available. Apply now!
spam,Congratulations! You have received a special bonus.
ham,Your package is ready for pickup.
ham,The team meeting has been moved to Friday.
spam,Don't miss this amazing offer. Buy now and save big!
spam,Your mobile number has won a lucky draw prize!
ham,Please remember to bring your laptop to the meeting.
ham,Your order has been shipped and will arrive tomorrow.
spam,Congratulations! You have won $10000 cash prize. Claim now!
ham,I will send the files later today.
ham,Please let me know if you need any changes.
spam,Congratulations! You are eligible for a special reward.
ham,The payment receipt has been sent to your email.
spam,Exclusive winner notification: claim your prize today.
ham,Can we meet tomorrow at 9 AM to discuss the project?
ham,Thanks for helping me with the assignment.
ham,Your meeting is scheduled for Monday at 3 PM.
ham,Thank you for your email. I will reply soon.
spam,Get 90% OFF on all products. Buy now!
ham,The exam timetable has been uploaded.
ham,Please remember to bring your laptop to the meeting.
spam,Limited time offer! Get your free coupon today.
ham,Thank you for your email. I will reply soon.
ham,Your appointment is confirmed for tomorrow.
spam,You have been chosen for an exclusive cash giveaway.
ham,Please call me when you are free.
spam,Special promotion: claim your FREE voucher today.
spam,You are a lucky winner! Send your details to receive the prize.
spam,Special promotion: claim your FREE voucher today.
ham,Your meeting is scheduled for Monday at 4 PM.
spam,Make $500 every day from home. Sign up now!
ham,I will send the files later today.
ham,Your order has been shipped and will arrive tomorrow.
spam,Don't miss this amazing offer. Buy now and save big!
spam,URGENT! You have been selected for a FREE iPhone. Click here now!
ham,The team meeting has been moved to Friday.
spam,Congratulations! You have received a special bonus.
ham,Please call me when you are free.
spam,Limited time offer! Get your free coupon today.
spam,Your mobile number has won a lucky draw prize!
ham,Please send me the assignment before the deadline.
ham,I will send the files later today.
ham,Please review the document and share your feedback.
spam,Free gift available for selected users. Claim now!
ham,The team meeting has been moved to Friday.
spam,Congratulations! You have won $2500 cash prize. Claim now!
ham,The team meeting has been moved to Friday.
ham,Please update the spreadsheet before the meeting.
spam,Win a brand new car! Enter the contest today.
spam,You have won a shopping voucher. Redeem it immediately.
spam,Act now! Your account has won a cash reward.
ham,Can we meet tomorrow at 10 AM to discuss the project?
spam,WIN BIG! Click now to claim your amazing prize.
spam,Make $500 every day from home. Sign up now!
ham,I have completed the work. Please check it.
spam,Limited time offer! Get your free coupon today.
spam,Act now! Your account has won a cash reward.
ham,Let's discuss the project after lunch.
spam,You are a lucky winner! Send your details to receive the prize.
spam,WIN BIG! Click now to claim your amazing prize.
ham,Thank you for your email. I will reply soon.
spam,Important! Verify your account now to receive your reward.
spam,You have been chosen for an exclusive cash giveaway.
spam,Congratulations! You have received a special bonus.
ham,"Hi Sam, please find the project report attached."
spam,Free gift available for selected users. Claim now!
ham,Please update the spreadsheet before the meeting.
ham,I will send the files later today.
spam,Instant cash reward available. Apply now!
ham,Please update the spreadsheet before the meeting.
spam,You have won a shopping voucher. Redeem it immediately.
ham,Could you please confirm the meeting time?
ham,Let's discuss the project after lunch.
ham,Your appointment is confirmed for tomorrow.
spam,Exclusive offer! Get a FREE gift by clicking this link.
ham,Thanks for helping me with the assignment.
spam,Exclusive winner notification: claim your prize today.
ham,Please let me know if you need any changes.
ham,Please remember to bring your laptop to the meeting.
spam,Congratulations! You have received a special bonus.
spam,You have won a lottery worth $2500. Claim your prize!
ham,Please call me when you are free.
spam,Get rich quickly with this limited-time opportunity.
ham,Your appointment is confirmed for tomorrow.
spam,Your FREE subscription is waiting. Activate it today.
ham,Your meeting is scheduled for Monday at 10 AM.
spam,FREE MONEY! Claim your reward before it expires.
spam,FREE MONEY! Claim your reward before it expires.
spam,You have won a shopping voucher. Redeem it immediately.
spam,Don't miss this amazing offer. Buy now and save big!
spam,Get rich quickly with this limited-time opportunity.
ham,Your interview is confirmed for Friday at 3 PM.
ham,Let's discuss the project after lunch.
ham,Could you please confirm the meeting time?
ham,The requested information is included in the document.
spam,You have been chosen for an exclusive cash giveaway.
spam,URGENT! You have been selected for a FREE iPhone. Click here now!
ham,Please send me the assignment before the deadline.
spam,Important! Verify your account now to receive your reward.
spam,FREE MONEY! Claim your reward before it expires.
ham,Let's discuss the project after lunch.
spam,Congratulations! You are eligible for a special reward.
ham,Can we meet tomorrow at 3 PM to discuss the project?
ham,"Thanks, I received your message."
ham,I will send the files later today.
ham,The exam timetable has been uploaded.
ham,The class will start at 4 PM tomorrow.
spam,Get rich quickly with this limited-time opportunity.
spam,Earn money from home with no investment. Join now!
ham,Can we meet tomorrow at 4 PM to discuss the project?
ham,Your meeting is scheduled for Monday at 9 AM.
ham,The team meeting has been moved to Friday.
ham,Thanks for helping me with the assignment.
spam,Important! Verify your account now to receive your reward.
spam,Get 50% OFF on all products. Buy now!
ham,Please send me the assignment before the deadline.
ham,Could you please confirm the meeting time?
spam,Exclusive offer! Get a FREE gift by clicking this link.
spam,Congratulations! You have received a special bonus.
ham,I will send the files later today.
ham,The project deadline is next week.
spam,You are a lucky winner! Send your details to receive the prize.
spam,Earn money from home with no investment. Join now!
ham,The exam timetable has been uploaded.
spam,Make $2500 every day from home. Sign up now!
ham,Please remember to bring your laptop to the meeting.
spam,Limited time offer! Get your free coupon today.
ham,I have attached the requested documents.
spam,You are a lucky winner! Send your details to receive the prize.
spam,WIN BIG! Click now to claim your amazing prize.
ham,The project deadline is next week.
ham,Can you share the presentation with me?
ham,"Thanks, I received your message."
ham,The requested information is included in the document.
ham,The project deadline is next week.
spam,Get rich quickly with this limited-time opportunity.
ham,Let's discuss the project after lunch.
spam,Exclusive winner notification: claim your prize today.
ham,Your meeting is scheduled for Monday at 11 AM.
ham,Can you share the presentation with me?
ham,Please let me know if you need any changes.
spam,You have won a lottery worth $1000. Claim your prize!
spam,You have been chosen for an exclusive cash giveaway.
ham,Could you please confirm the meeting time?
spam,FREE MONEY! Claim your reward before it expires.
spam,Get rich quickly with this limited-time opportunity.
ham,Your meeting is scheduled for Monday at 10 AM.
spam,Get rich quickly with this limited-time opportunity.
spam,Final notice! Claim your prize before it expires.
ham,Your order has been shipped and will arrive tomorrow.
ham,Thanks for helping me with the assignment.
spam,You have won a shopping voucher. Redeem it immediately.
ham,The requested information is included in the document.
spam,Don't miss this amazing offer. Buy now and save big!
ham,Your interview is confirmed for Friday at 9 AM.
ham,I have completed the work. Please check it.
spam,Instant cash reward available. Apply now!
spam,Get 50% OFF on all products. Buy now!
spam,You have won a shopping voucher. Redeem it immediately.
spam,Exclusive offer! Get a FREE gift by clicking this link.
spam,You have been chosen for an exclusive cash giveaway.
ham,Could you please confirm the meeting time?
ham,Please update the spreadsheet before the meeting.
ham,Your order has been shipped and will arrive tomorrow.
ham,"Thanks, I received your message."
spam,You have won a shopping voucher. Redeem it immediately.
ham,Please send me the assignment before the deadline.
ham,Your appointment is confirmed for tomorrow.
spam,You have won a lottery worth $100. Claim your prize!
ham,The exam timetable has been uploaded.
spam,Final notice! Claim your prize before it expires.
ham,Please call me when you are free.
ham,I will send the files later today.
ham,Please update the spreadsheet before the meeting.
ham,I will send the files later today.
ham,Can we meet tomorrow at 9 AM to discuss the project?
ham,Your meeting is scheduled for Monday at 3 PM.
spam,Instant cash reward available. Apply now!
ham,Your order has been shipped and will arrive tomorrow.
spam,Congratulations! You are eligible for a special reward.
spam,Free gift available for selected users. Claim now!
ham,Please let me know if you need any changes.
ham,The team meeting has been moved to Friday.
ham,Please send me the assignment before the deadline.
ham,I will send the files later today.
spam,Your account has been selected for a cash bonus.
spam,You are selected for a $100 reward. Claim immediately!
ham,I have completed the work. Please check it.
spam,You have been chosen for an exclusive cash giveaway.
spam,Click now and receive your free bonus.
spam,FREE MONEY! Claim your reward before it expires.
ham,Thanks for helping me with the assignment.
ham,Can you share the presentation with me?
spam,Congratulations! You have received a special bonus.
spam,You have been chosen for an exclusive cash giveaway.
spam,Congratulations! You are eligible for a special reward.
ham,The requested information is included in the document.
ham,"Thanks, I received your message."
spam,URGENT! You have been selected for a FREE iPhone. Click here now!
ham,Please let me know if you need any changes.
spam,You have won a lottery worth $10000. Claim your prize!
ham,Can you share the presentation with me?
spam,Your FREE subscription is waiting. Activate it today.
spam,Congratulations! You have received a special bonus.
ham,I have completed the work. Please check it.
ham,Your package is ready for pickup.
ham,The requested information is included in the document.
spam,Your FREE subscription is waiting. Activate it today.
ham,Please send me the assignment before the deadline.
spam,You are selected for a $2500 reward. Claim immediately!
spam,WIN BIG! Click now to claim your amazing prize.
ham,The class will start at 9 AM tomorrow.
ham,The team meeting has been moved to Friday.
ham,I will send the files later today.
spam,You are a lucky winner! Send your details to receive the prize.
ham,The payment receipt has been sent to your email.
spam,You are selected for a $100 reward. Claim immediately!
spam,Exclusive winner notification: claim your prize today.
ham,Your order has been shipped and will arrive tomorrow.
ham,Can you share the presentation with me?
ham,I have attached the requested documents.
ham,Thanks for helping me with the assignment.
spam,Final notice! Claim your prize before it expires.
ham,Your package is ready for pickup.
spam,Important! Verify your account now to receive your reward.
ham,I have attached the requested documents.
spam,Make $100 every day from home. Sign up now!
ham,"Thanks, I received your message."
ham,The team meeting has been moved to Friday.
spam,Limited time offer! Get your free coupon today.
ham,Thank you for your email. I will reply soon.
spam,Special promotion: claim your FREE voucher today.
ham,I have attached the requested documents.
ham,The requested information is included in the document.
ham,Please let me know if you need any changes.
spam,You are selected for a $5000 reward. Claim immediately!
ham,Your meeting is scheduled for Monday at 4 PM.
ham,The project deadline is next week.
ham,The exam timetable has been uploaded.
spam,Exclusive offer! Get a FREE gift by clicking this link.
spam,Make $10000 every day from home. Sign up now!
ham,Your appointment is confirmed for tomorrow.
spam,Your account has been selected for a cash bonus.
spam,You have been chosen for an exclusive cash giveaway.
spam,Special promotion: claim your FREE voucher today.
spam,Exclusive offer! Get a FREE gift by clicking this link.
ham,I will send the files later today.
spam,You have won a shopping voucher. Redeem it immediately.
ham,"Hi John, please find the project report attached."
ham,Your appointment is confirmed for tomorrow.
ham,Please update the spreadsheet before the meeting.
spam,Your mobile number has won a lucky draw prize!
ham,The project deadline is next week.
ham,Your meeting is scheduled for Monday at 2 PM.
spam,Congratulations! You have received a special bonus.
spam,Important! Verify your account now to receive your reward.
spam,Final notice! Claim your prize before it expires.
ham,The project deadline is next week.
ham,Can we meet tomorrow at 4 PM to discuss the project?
spam,URGENT! You have been selected for a FREE iPhone. Click here now!
spam,Congratulations! You are eligible for a special reward.
spam,Act now! Your account has won a cash reward.
spam,Get rich quickly with this limited-time opportunity.
spam,You have been chosen for an exclusive cash giveaway.
ham,The payment receipt has been sent to your email.
ham,Please let me know if you need any changes.
ham,Please let me know if you need any changes.
ham,Can you share the presentation with me?
spam,Congratulations! You have won $100 cash prize. Claim now!
spam,Limited time offer! Get your free coupon today.
spam,Congratulations! You have won $1000 cash prize. Claim now!
spam,Your account has been selected for a cash bonus.
ham,Your meeting is scheduled for Monday at 9 AM.
ham,Please review the document and share your feedback.
spam,WIN BIG! Click now to claim your amazing prize.
ham,Please send me the assignment before the deadline.
spam,Click now and receive your free bonus.
ham,Could you please confirm the meeting time?
spam,You have won a lottery worth $2500. Claim your prize!
spam,URGENT! You have been selected for a FREE iPhone. Click here now!
spam,You are selected for a $1000 reward. Claim immediately!
ham,Can you share the presentation with me?
spam,You are a lucky winner! Send your details to receive the prize.
ham,The team meeting has been moved to Friday.
spam,Instant cash reward available. Apply now!
spam,Congratulations! You have won $1000 cash prize. Claim now!
ham,"Hi Priya, please find the project report attached."
spam,Your account has been selected for a cash bonus.
ham,The requested information is included in the document.
spam,Act now! Your account has won a cash reward.
ham,The report is ready for your review.
ham,Can we meet tomorrow at 2 PM to discuss the project?
spam,Congratulations! You have won $10000 cash prize. Claim now!
ham,Let's discuss the project after lunch.
ham,"Thanks, I received your message."
spam,Congratulations! You have won $2500 cash prize. Claim now!
ham,Thank you for your email. I will reply soon.
spam,Your mobile number has won a lucky draw prize!
ham,Your order has been shipped and will arrive tomorrow.
spam,You are a lucky winner! Send your details to receive the prize.
spam,You have been chosen for an exclusive cash giveaway.
spam,Important! Verify your account now to receive your reward.
ham,Please review the document and share your feedback.
ham,Your meeting is scheduled for Monday at 3 PM.
ham,"Thanks, I received your message."
ham,Please let me know if you need any changes.
ham,Let's discuss the project after lunch.
ham,I have attached the requested documents.
spam,Your mobile number has won a lucky draw prize!
spam,Congratulations! You have received a special bonus.
ham,Your appointment is confirmed for tomorrow.
spam,Free gift available for selected users. Claim now!
spam,Final notice! Claim your prize before it expires.
ham,Please send me the assignment before the deadline.
ham,Thanks for helping me with the assignment.
ham,Please let me know if you need any changes.
ham,Your appointment is confirmed for tomorrow.
spam,WIN BIG! Click now to claim your amazing prize.
spam,You have won a lottery worth $500. Claim your prize!
spam,Get rich quickly with this limited-time opportunity.
ham,Please call me when you are free.
spam,URGENT! You have been selected for a FREE iPhone. Click here now!
ham,The report is ready for your review.
ham,Thank you for your email. I will reply soon.
spam,Limited time offer! Get your free coupon today.
ham,The requested information is included in the document.
ham,Thank you for your email. I will reply soon.
spam,You have been chosen for an exclusive cash giveaway.
ham,The report is ready for your review.
spam,Your FREE subscription is waiting. Activate it today.
ham,The report is ready for your review.
spam,Click now and receive your free bonus.
ham,Please call me when you are free.
ham,Please review the document and share your feedback.
ham,Can we meet tomorrow at 9 AM to discuss the project?
ham,Can we meet tomorrow at 2 PM to discuss the project?
ham,Your meeting is scheduled for Monday at 2 PM.
ham,Your order has been shipped and will arrive tomorrow.
ham,Your package is ready for pickup.
spam,You have won a lottery worth $5000. Claim your prize!
ham,Can we meet tomorrow at 9 AM to discuss the project?
ham,Your order has been shipped and will arrive tomorrow.
ham,Please update the spreadsheet before the meeting.
ham,The class will start at 9 AM tomorrow.
ham,Please remember to bring your laptop to the meeting.
spam,Congratulations! You are eligible for a special reward.
spam,Act now! Your account has won a cash reward.
ham,Could you please confirm the meeting time?
ham,Please send me the assignment before the deadline.
spam,Get rich quickly with this limited-time opportunity.
ham,The class will start at 9 AM tomorrow.
spam,Earn money from home with no investment. Join now!
ham,Can you share the presentation with me?
spam,Get 70% OFF on all products. Buy now!
spam,Earn money from home with no investment. Join now!
ham,The requested information is included in the document.
spam,Special promotion: claim your FREE voucher today.
ham,Please let me know if you need any changes.
spam,Your FREE subscription is waiting. Activate it today.
spam,Important! Verify your account now to receive your reward.
spam,Your account has been selected for a cash bonus.
spam,Exclusive winner notification: claim your prize today.
ham,Please let me know if you need any changes.
spam,Don't miss this amazing offer. Buy now and save big!
spam,Make $500 every day from home. Sign up now!
ham,Your interview is confirmed for Friday at 11 AM.
ham,Please update the spreadsheet before the meeting.
spam,You have won a lottery worth $500. Claim your prize!
ham,The requested information is included in the document.
ham,Can we meet tomorrow at 9 AM to discuss the project?
spam,You have won a shopping voucher. Redeem it immediately.
ham,The payment receipt has been sent to your email.
ham,Please review the document and share your feedback.
ham,I have attached the requested documents.
ham,I will be available after 3 PM.
ham,I have completed the work. Please check it.
ham,Let's discuss the project after lunch.
spam,Exclusive winner notification: claim your prize today.
ham,Your package is ready for pickup.
spam,Free gift available for selected users. Claim now!
ham,Your appointment is confirmed for tomorrow.
spam,Your account has been selected for a cash bonus.
spam,Your account has been selected for a cash bonus.
spam,Click now and receive your free bonus.
ham,The exam timetable has been uploaded.
spam,Congratulations! You are eligible for a special reward.
ham,The exam timetable has been uploaded.
spam,Limited time offer! Get your free coupon today.
spam,Free gift available for selected users. Claim now!
spam,Important! Verify your account now to receive your reward.
spam,Free gift available for selected users. Claim now!
spam,WIN BIG! Click now to claim your amazing prize.
ham,Thank you for your email. I will reply soon.
spam,Final notice! Claim your prize before it expires.
spam,Make $500 every day from home. Sign up now!
spam,Final notice! Claim your prize before it expires.
ham,Could you please confirm the meeting time?
ham,Please send me the assignment before the deadline.
spam,You have won a lottery worth $10000. Claim your prize!
ham,Your package is ready for pickup.
spam,WIN BIG! Click now to claim your amazing prize.
ham,The requested information is included in the document.
ham,Could you please confirm the meeting time?
spam,Win a brand new car! Enter the contest today.
spam,Congratulations! You have won $10000 cash prize. Claim now!
ham,Can you share the presentation with me?
ham,Please update the spreadsheet before the meeting.
ham,I will be available after 3 PM.
ham,The team meeting has been moved to Friday.
ham,Could you please confirm the meeting time?
ham,"Hi John, please find the project report attached."
ham,The team meeting has been moved to Friday.
spam,Your account has been selected for a cash bonus.
spam,You have been chosen for an exclusive cash giveaway.
ham,Please call me when you are free.
ham,I have completed the work. Please check it.
ham,Please update the spreadsheet before the meeting.
spam,Congratulations! You have won $10000 cash prize. Claim now!
ham,I will be available after 3 PM.
ham,I have attached the requested documents.
spam,Get 80% OFF on all products. Buy now!
spam,You have won a lottery worth $1000. Claim your prize!
ham,Thank you for your email. I will reply soon.
ham,The payment receipt has been sent to your email.
spam,Your FREE subscription is waiting. Activate it today.
spam,WIN BIG! Click now to claim your amazing prize.
ham,"Hi Priya, please find the project report attached."
ham,Please remember to bring your laptop to the meeting.
spam,Get rich quickly with this limited-time opportunity.
spam,FREE MONEY! Claim your reward before it expires.
ham,Thanks for helping me with the assignment.
ham,The report is ready for your review.
ham,The report is ready for your review.
spam,You are a lucky winner! Send your details to receive the prize.
spam,Act now! Your account has won a cash reward.
ham,The requested information is included in the document.
ham,Your order has been shipped and will arrive tomorrow.
spam,Final notice! Claim your prize before it expires.
spam,Win a brand new car! Enter the contest today.
ham,I will be available after 3 PM.
ham,Please remember to bring your laptop to the meeting.
spam,Make $100 every day from home. Sign up now!
spam,WIN BIG! Click now to claim your amazing prize.
spam,You have won a lottery worth $2500. Claim your prize!
ham,Can we meet tomorrow at 3 PM to discuss the project?
ham,"Hi Amit, please find the project report attached."
spam,Get rich quickly with this limited-time opportunity.
spam,Important! Verify your account now to receive your reward.
ham,"Thanks, I received your message."
ham,The exam timetable has been uploaded.
spam,Special promotion: claim your FREE voucher today.
spam,Get rich quickly with this limited-time opportunity.
spam,Final notice! Claim your prize before it expires.
ham,Please update the spreadsheet before the meeting.
ham,Let's discuss the project after lunch.
spam,Act now! Your account has won a cash reward.
spam,Act now! Your account has won a cash reward.
ham,"Hi Priya, please find the project report attached."
spam,You have won a lottery worth $2500. Claim your prize!
ham,Your appointment is confirmed for tomorrow.
ham,Could you please confirm the meeting time?
ham,Can you share the presentation with me?
ham,Thanks for helping me with the assignment.
ham,The report is ready for your review.
spam,Free gift available for selected users. Claim now!
ham,The requested information is included in the document.
spam,Instant cash reward available. Apply now!
spam,Limited time offer! Get your free coupon today.
ham,Please let me know if you need any changes.
spam,Free gift available for selected users. Claim now!
ham,Your appointment is confirmed for tomorrow.
spam,You have won a shopping voucher. Redeem it immediately.
spam,Final notice! Claim your prize before it expires.
spam,Get rich quickly with this limited-time opportunity.
spam,Limited time offer! Get your free coupon today.
spam,Click now and receive your free bonus.
spam,Final notice! Claim your prize before it expires.
ham,Let's discuss the project after lunch.
ham,I have completed the work. Please check it.
spam,Exclusive offer! Get a FREE gift by clicking this link.
ham,Let's discuss the project after lunch.
ham,Thanks for helping me with the assignment.
spam,You have won a lottery worth $2500. Claim your prize!
spam,Your FREE subscription is waiting. Activate it today.
ham,Your package is ready for pickup.
spam,You are a lucky winner! Send your details to receive the prize.
spam,Make $1000 every day from home. Sign up now!
spam,You have won a lottery worth $10000. Claim your prize!
spam,Your mobile number has won a lucky draw prize!
spam,Your account has been selected for a cash bonus.
spam,Congratulations! You are eligible for a special reward.
ham,"Hi Sam, please find the project report attached."
spam,Free gift available for selected users. Claim now!
ham,I have completed the work. Please check it.
ham,Please call me when you are free.
spam,Get 95% OFF on all products. Buy now!
ham,The project deadline is next week.
spam,Earn money from home with no investment. Join now!
ham,Please update the spreadsheet before the meeting.
ham,I will be available after 3 PM.
spam,Limited time offer! Get your free coupon today.
spam,Special promotion: claim your FREE voucher today.
ham,Please send me the assignment before the deadline.
spam,Your mobile number has won a lucky draw prize!
ham,Can we meet tomorrow at 11 AM to discuss the project?
spam,WIN BIG! Click now to claim your amazing prize.
spam,You are a lucky winner! Send your details to receive the prize.
ham,I will be available after 3 PM.
ham,Please send me the assignment before the deadline.
ham,I will send the files later today.
ham,Please remember to bring your laptop to the meeting.
ham,The report is ready for your review.
spam,WIN BIG! Click now to claim your amazing prize.
spam,Don't miss this amazing offer. Buy now and save big!
spam,You have won a lottery worth $500. Claim your prize!
ham,Please review the document and share your feedback.
ham,Could you please confirm the meeting time?
ham,Please update the spreadsheet before the meeting.
spam,Important! Verify your account now to receive your reward.
spam,URGENT! You have been selected for a FREE iPhone. Click here now!
ham,Please let me know if you need any changes.
spam,Final notice! Claim your prize before it expires.
ham,I have completed the work. Please check it.
spam,Your FREE subscription is waiting. Activate it today.
ham,The report is ready for your review.
spam,Don't miss this amazing offer. Buy now and save big!
ham,The exam timetable has been uploaded.
spam,Final notice! Claim your prize before it expires.
spam,You are a lucky winner! Send your details to receive the prize.
spam,Final notice! Claim your prize before it expires.
spam,URGENT! You have been selected for a FREE iPhone. Click here now!
spam,Get 90% OFF on all products. Buy now!
ham,The class will start at 10 AM tomorrow.
ham,Thank you for your email. I will reply soon.
spam,Congratulations! You have won $5000 cash prize. Claim now!
spam,Click now and receive your free bonus.
spam,Earn money from home with no investment. Join now!
spam,Your FREE subscription is waiting. Activate it today.
spam,Your mobile number has won a lucky draw prize!
ham,The requested information is included in the document.
spam,Get 50% OFF on all products. Buy now!
ham,I have completed the work. Please check it.
spam,Congratulations! You have won $500 cash prize. Claim now!
spam,You have been chosen for an exclusive cash giveaway.
spam,Click now and receive your free bonus.
spam,Instant cash reward available. Apply now!
spam,Act now! Your account has won a cash reward.
spam,You have won a lottery worth $100. Claim your prize!
ham,Can you share the presentation with me?
spam,Don't miss this amazing offer. Buy now and save big!
spam,WIN BIG! Click now to claim your amazing prize.
spam,FREE MONEY! Claim your reward before it expires.
spam,WIN BIG! Click now to claim your amazing prize.
spam,Act now! Your account has won a cash reward.
ham,Thanks for helping me with the assignment.
ham,Please call me when you are free.
ham,Please send me the assignment before the deadline.
ham,Let's discuss the project after lunch.
spam,Free gift available for selected users. Claim now!
spam,Final notice! Claim your prize before it expires.
spam,You have won a shopping voucher. Redeem it immediately.
ham,I have attached the requested documents.
spam,URGENT! You have been selected for a FREE iPhone. Click here now!
spam,Instant cash reward available. Apply now!
spam,Click now and receive your free bonus.
ham,The team meeting has been moved to Friday.
spam,Act now! Your account has won a cash reward.
spam,Instant cash reward available. Apply now!
spam,Instant cash reward available. Apply now!
spam,Click now and receive your free bonus.
spam,URGENT! You have been selected for a FREE iPhone. Click here now!
spam,Congratulations! You have received a special bonus.
spam,Get 80% OFF on all products. Buy now!
spam,Your mobile number has won a lucky draw prize!
spam,Act now! Your account has won a cash reward.
ham,The report is ready for your review.
ham,I have completed the work. Please check it.
spam,Important! Verify your account now to receive your reward.
spam,Congratulations! You are eligible for a special reward.
spam,Your FREE subscription is waiting. Activate it today.
spam,Don't miss this amazing offer. Buy now and save big!
spam,You have won a shopping voucher. Redeem it immediately.
spam,Act now! Your account has won a cash reward.
spam,Limited time offer! Get your free coupon today.
ham,I will send the files later today.
ham,The requested information is included in the document.
spam,WIN BIG! Click now to claim your amazing prize.
ham,I have completed the work. Please check it.
ham,Can you share the presentation with me?
spam,Earn money from home with no investment. Join now!
spam,Get 95% OFF on all products. Buy now!
spam,Earn money from home with no investment. Join now!
spam,Limited time offer! Get your free coupon today.
ham,Thanks for helping me with the assignment.
spam,WIN BIG! Click now to claim your amazing prize.
spam,Final notice! Claim your prize before it expires.
ham,Thanks for helping me with the assignment.
spam,Get 70% OFF on all products. Buy now!
spam,Click now and receive your free bonus.
ham,Please let me know if you need any changes.
ham,Can we meet tomorrow at 9 AM to discuss the project?
ham,Your order has been shipped and will arrive tomorrow.
spam,Exclusive winner notification: claim your prize today.
ham,Please call me when you are free.
spam,Your mobile number has won a lucky draw prize!
ham,Your appointment is confirmed for tomorrow.
ham,Can you share the presentation with me?
spam,You are selected for a $1000 reward. Claim immediately!
ham,The payment receipt has been sent to your email.
spam,You have been chosen for an exclusive cash giveaway.
ham,"Hi Amit, please find the project report attached."
spam,Special promotion: claim your FREE voucher today.
ham,I will send the files later today.
ham,I have attached the requested documents.
ham,"Hi Priya, please find the project report attached."
spam,Win a brand new car! Enter the contest today.
spam,Limited time offer! Get your free coupon today.
ham,Your order has been shipped and will arrive tomorrow.
spam,Click now and receive your free bonus.
ham,The requested information is included in the document.
spam,You are selected for a $10000 reward. Claim immediately!
ham,The class will start at 2 PM tomorrow.
ham,Thanks for helping me with the assignment.
spam,FREE MONEY! Claim your reward before it expires.
ham,I will be available after 3 PM.
ham,Please call me when you are free.
spam,Congratulations! You have won $10000 cash prize. Claim now!
ham,Your order has been shipped and will arrive tomorrow.
ham,Let's discuss the project after lunch.
spam,Your FREE subscription is waiting. Activate it today.
ham,Your meeting is scheduled for Monday at 9 AM.
spam,Win a brand new car! Enter the contest today.
spam,Win a brand new car! Enter the contest today.
ham,Let's discuss the project after lunch.
spam,Get 70% OFF on all products. Buy now!
spam,You have won a shopping voucher. Redeem it immediately.
ham,Can you share the presentation with me?
ham,Can you share the presentation with me?
ham,Please let me know if you need any changes.
spam,Win a brand new car! Enter the contest today.
ham,I will send the files later today.
spam,You have won a shopping voucher. Redeem it immediately.
spam,Get 80% OFF on all products. Buy now!
ham,Can we meet tomorrow at 9 AM to discuss the project?
ham,The payment receipt has been sent to your email.
spam,Instant cash reward available. Apply now!
spam,Your FREE subscription is waiting. Activate it today.
spam,FREE MONEY! Claim your reward before it expires.
spam,You are selected for a $100 reward. Claim immediately!
spam,You are selected for a $5000 reward. Claim immediately!
ham,Your package is ready for pickup.
ham,Could you please confirm the meeting time?
ham,I have completed the work. Please check it.
spam,You are a lucky winner! Send your details to receive the prize.
ham,Thank you for your email. I will reply soon.
spam,Free gift available for selected users. Claim now!
ham,The payment receipt has been sent to your email.
spam,Congratulations! You are eligible for a special reward.
spam,Your FREE subscription is waiting. Activate it today.
spam,Exclusive winner notification: claim your prize today.
spam,Your FREE subscription is waiting. Activate it today.
spam,Congratulations! You have won $100 cash prize. Claim now!
spam,Earn money from home with no investment. Join now!
ham,"Hi Neha, please find the project report attached."
spam,Your mobile number has won a lucky draw prize!
ham,I have completed the work. Please check it.
ham,The payment receipt has been sent to your email.
spam,Your FREE subscription is waiting. Activate it today.
ham,Your interview is confirmed for Friday at 10 AM.
spam,Your mobile number has won a lucky draw prize!
ham,Could you please confirm the meeting time?
spam,Don't miss this amazing offer. Buy now and save big!
ham,The exam timetable has been uploaded.
spam,You have been chosen for an exclusive cash giveaway.
ham,The exam timetable has been uploaded.
ham,The project deadline is next week.
ham,The payment receipt has been sent to your email.
ham,The class will start at 11 AM tomorrow.
ham,Your order has been shipped and will arrive tomorrow.
spam,Get rich quickly with this limited-time opportunity.
spam,Act now! Your account has won a cash reward.
ham,Please update the spreadsheet before the meeting.
spam,Act now! Your account has won a cash reward.
ham,Your order has been shipped and will arrive tomorrow.
spam,Important! Verify your account now to receive your reward.
ham,Your package is ready for pickup.
ham,Your package is ready for pickup.
spam,Congratulations! You have received a special bonus.
ham,I will be available after 3 PM.
ham,Could you please confirm the meeting time?
ham,Your order has been shipped and will arrive tomorrow.
ham,Can you share the presentation with me?
ham,The project deadline is next week.
ham,The team meeting has been moved to Friday.
ham,The report is ready for your review.
ham,The payment receipt has been sent to your email.
ham,Your meeting is scheduled for Monday at 9 AM.
ham,I will be available after 3 PM.
spam,Earn money from home with no investment. Join now!
spam,Your mobile number has won a lucky draw prize!
ham,"Thanks, I received your message."
spam,Special promotion: claim your FREE voucher today.
spam,Limited time offer! Get your free coupon today.
spam,Important! Verify your account now to receive your reward.
ham,I will send the files later today.
ham,"Thanks, I received your message."
ham,Can you share the presentation with me?
spam,Free gift available for selected users. Claim now!
spam,Instant cash reward available. Apply now!
spam,Get rich quickly with this limited-time opportunity.
spam,Make $5000 every day from home. Sign up now!
spam,You are selected for a $10000 reward. Claim immediately!
spam,Special promotion: claim your FREE voucher today.
spam,You have been chosen for an exclusive cash giveaway.
ham,I have completed the work. Please check it.
spam,You are a lucky winner! Send your details to receive the prize.
spam,Congratulations! You have won $2500 cash prize. Claim now!
ham,Your appointment is confirmed for tomorrow.
spam,Final notice! Claim your prize before it expires.
ham,Can we meet tomorrow at 3 PM to discuss the project?
spam,Important! Verify your account now to receive your reward.
spam,Instant cash reward available. Apply now!
ham,Please call me when you are free.
ham,The project deadline is next week.
spam,Win a brand new car! Enter the contest today.
ham,I have completed the work. Please check it.
spam,Instant cash reward available. Apply now!
spam,Win a brand new car! Enter the contest today.
ham,Please update the spreadsheet before the meeting.
ham,Thank you for your email. I will reply soon.
ham,"Thanks, I received your message."
ham,Your order has been shipped and will arrive tomorrow.
spam,Instant cash reward available. Apply now!
spam,Click now and receive your free bonus.
ham,Please review the document and share your feedback.
ham,The project deadline is next week.
spam,Get rich quickly with this limited-time opportunity.
spam,Congratulations! You are eligible for a special reward.
spam,Instant cash reward available. Apply now!
spam,You are a lucky winner! Send your details to receive the prize.
spam,Click now and receive your free bonus.
ham,The report is ready for your review.
ham,I have attached the requested documents.
spam,You have won a lottery worth $500. Claim your prize!
spam,Free gift available for selected users. Claim now!
spam,Click now and receive your free bonus.
ham,Your interview is confirmed for Friday at 3 PM.
ham,Please let me know if you need any changes.
spam,Instant cash reward available. Apply now!
ham,"Hi Rahul, please find the project report attached."
ham,Thank you for your email. I will reply soon.
spam,WIN BIG! Click now to claim your amazing prize.
spam,Click now and receive your free bonus.
spam,Make $500 every day from home. Sign up now!
ham,Please remember to bring your laptop to the meeting.
ham,Please remember to bring your laptop to the meeting.
ham,The team meeting has been moved to Friday.
spam,Don't miss this amazing offer. Buy now and save big!
ham,The exam timetable has been uploaded.
ham,Please remember to bring your laptop to the meeting.
ham,Can you share the presentation with me?
spam,Instant cash reward available. Apply now!
ham,I have completed the work. Please check it.
ham,Please remember to bring your laptop to the meeting.
spam,You have won a shopping voucher. Redeem it immediately.
ham,The project deadline is next week.
ham,Can we meet tomorrow at 2 PM to discuss the project?
spam,Special promotion: claim your FREE voucher today.
ham,I have completed the work. Please check it.
ham,The requested information is included in the document.
ham,Please call me when you are free.
ham,I will be available after 3 PM.
ham,Please let me know if you need any changes.
ham,The exam timetable has been uploaded.
spam,Win a brand new car! Enter the contest today.
ham,Please update the spreadsheet before the meeting.
ham,"Hi Amit, please find the project report attached."
spam,Act now! Your account has won a cash reward.
ham,Please let me know if you need any changes.
spam,Final notice! Claim your prize before it expires.
ham,Please remember to bring your laptop to the meeting.
ham,The payment receipt has been sent to your email.
ham,Your interview is confirmed for Friday at 11 AM.
ham,Your order has been shipped and will arrive tomorrow.
ham,Can we meet tomorrow at 9 AM to discuss the project?
ham,Your interview is confirmed for Friday at 10 AM.
ham,Please review the document and share your feedback.
ham,I have attached the requested documents.
spam,Exclusive winner notification: claim your prize today.
spam,Instant cash reward available. Apply now!
ham,Your interview is confirmed for Friday at 3 PM.
ham,Thanks for helping me with the assignment.
ham,"Hi Priya, please find the project report attached."
spam,Your account has been selected for a cash bonus.
spam,You have been chosen for an exclusive cash giveaway.
spam,FREE MONEY! Claim your reward before it expires.
ham,Please let me know if you need any changes.
spam,Get rich quickly with this limited-time opportunity.
ham,Please update the spreadsheet before the meeting.
ham,I will be available after 3 PM.
ham,Thank you for your email. I will reply soon.
ham,The team meeting has been moved to Friday.
ham,Could you please confirm the meeting time?
ham,"Hi John, please find the project report attached."
spam,Congratulations! You have won $5000 cash prize. Claim now!
spam,You have won a lottery worth $10000. Claim your prize!
spam,WIN BIG! Click now to claim your amazing prize.
ham,Please review the document and share your feedback.
spam,Click now and receive your free bonus.
spam,Free gift available for selected users. Claim now!
spam,Act now! Your account has won a cash reward.
spam,Congratulations! You are eligible for a special reward.
ham,Please review the document and share your feedback.
spam,Get 95% OFF on all products. Buy now!
ham,Can you share the presentation with me?
ham,Let's discuss the project after lunch.
spam,You have won a lottery worth $5000. Claim your prize!
ham,The team meeting has been moved to Friday.
spam,Congratulations! You have won $100 cash prize. Claim now!
ham,Thanks for helping me with the assignment.
spam,FREE MONEY! Claim your reward before it expires.
spam,Click now and receive your free bonus.
spam,Congratulations! You are eligible for a special reward.
spam,You have been chosen for an exclusive cash giveaway.
ham,Your interview is confirmed for Friday at 2 PM.
ham,I have attached the requested documents.
spam,Make $500 every day from home. Sign up now!
ham,Please update the spreadsheet before the meeting.
ham,Please send me the assignment before the deadline.
spam,Act now! Your account has won a cash reward.
ham,The class will start at 4 PM tomorrow.
spam,Congratulations! You are eligible for a special reward.
spam,WIN BIG! Click now to claim your amazing prize.
ham,Your appointment is confirmed for tomorrow.
ham,Please send me the assignment before the deadline.
ham,Please send me the assignment before the deadline.
spam,Your mobile number has won a lucky draw prize!
spam,Congratulations! You have received a special bonus.
ham,Please update the spreadsheet before the meeting.
ham,I will be available after 3 PM.
ham,Your meeting is scheduled for Monday at 11 AM.
spam,FREE MONEY! Claim your reward before it expires.
ham,Can we meet tomorrow at 11 AM to discuss the project?
spam,Your mobile number has won a lucky draw prize!
spam,Final notice! Claim your prize before it expires.
spam,You have won a shopping voucher. Redeem it immediately.
ham,Let's discuss the project after lunch.
ham,Please call me when you are free.
ham,Please send me the assignment before the deadline.
spam,Don't miss this amazing offer. Buy now and save big!
ham,Can we meet tomorrow at 10 AM to discuss the project?
ham,Your package is ready for pickup.
spam,You are a lucky winner! Send your details to receive the prize.
spam,You are selected for a $2500 reward. Claim immediately!
ham,Your appointment is confirmed for tomorrow.
ham,I have completed the work. Please check it.
ham,Please let me know if you need any changes.
spam,Act now! Your account has won a cash reward.
ham,Please let me know if you need any changes.
ham,"Thanks, I received your message."
ham,Can you share the presentation with me?
spam,You have been chosen for an exclusive cash giveaway.
spam,Get 70% OFF on all products. Buy now!
spam,Free gift available for selected users. Claim now!
ham,I will be available after 3 PM.
ham,Could you please confirm the meeting time?
ham,Please remember to bring your laptop to the meeting.
spam,Congratulations! You have won $2500 cash prize. Claim now!
ham,"Hi John, please find the project report attached."
ham,I have completed the work. Please check it.
ham,Please call me when you are free.
spam,Your mobile number has won a lucky draw prize!
ham,Could you please confirm the meeting time?
spam,You have been chosen for an exclusive cash giveaway.
ham,The project deadline is next week.
spam,Win a brand new car! Enter the contest today.
spam,Don't miss this amazing offer. Buy now and save big!
spam,You have won a lottery worth $5000. Claim your prize!
spam,Win a brand new car! Enter the contest today.
ham,The requested information is included in the document.
spam,Get 70% OFF on all products. Buy now!
ham,The payment receipt has been sent to your email.
ham,The payment receipt has been sent to your email.
spam,Final notice! Claim your prize before it expires.
ham,The project deadline is next week.
ham,Please review the document and share your feedback.
spam,Your mobile number has won a lucky draw prize!
spam,Your account has been selected for a cash bonus.
ham,Could you please confirm the meeting time?
ham,"Thanks, I received your message."
ham,The class will start at 11 AM tomorrow.
spam,Congratulations! You are eligible for a special reward.
spam,Get rich quickly with this limited-time opportunity.
spam,Your account has been selected for a cash bonus.
ham,The class will start at 3 PM tomorrow.
spam,Your FREE subscription is waiting. Activate it today.
ham,I have attached the requested documents.
ham,Your interview is confirmed for Friday at 2 PM.
spam,Don't miss this amazing offer. Buy now and save big!
spam,Exclusive offer! Get a FREE gift by clicking this link.
ham,I have completed the work. Please check it.
spam,Final notice! Claim your prize before it expires.
spam,Make $2500 every day from home. Sign up now!
spam,Get rich quickly with this limited-time opportunity.
spam,URGENT! You have been selected for a FREE iPhone. Click here now!
ham,Could you please confirm the meeting time?
ham,The class will start at 3 PM tomorrow.
spam,Your mobile number has won a lucky draw prize!
spam,WIN BIG! Click now to claim your amazing prize.
ham,I will send the files later today.
ham,The requested information is included in the document.
spam,You have won a shopping voucher. Redeem it immediately.
ham,Your package is ready for pickup.
ham,The payment receipt has been sent to your email.
spam,Click now and receive your free bonus.
spam,Your account has been selected for a cash bonus.
ham,Could you please confirm the meeting time?
spam,You have won a lottery worth $100. Claim your prize!
spam,Limited time offer! Get your free coupon today.
ham,Please update the spreadsheet before the meeting.
ham,I have completed the work. Please check it.
spam,Your account has been selected for a cash bonus.
spam,Your mobile number has won a lucky draw prize!
ham,The team meeting has been moved to Friday.
ham,The project deadline is next week.
ham,Please send me the assignment before the deadline.
spam,Exclusive winner notification: claim your prize today.
ham,I will be available after 3 PM.
ham,Please remember to bring your laptop to the meeting.
ham,The project deadline is next week.
ham,Can we meet tomorrow at 11 AM to discuss the project?
spam,You have won a lottery worth $1000. Claim your prize!
ham,Your appointment is confirmed for tomorrow.
spam,Win a brand new car! Enter the contest today.
ham,Can you share the presentation with me?
spam,Don't miss this amazing offer. Buy now and save big!
ham,The class will start at 11 AM tomorrow.
ham,The requested information is included in the document.
ham,I have attached the requested documents.
ham,Please update the spreadsheet before the meeting.
spam,Congratulations! You have received a special bonus.
ham,Please call me when you are free.
spam,You have been chosen for an exclusive cash giveaway.
ham,The requested information is included in the document.
ham,The class will start at 9 AM tomorrow.
spam,You have been chosen for an exclusive cash giveaway.
ham,I have completed the work. Please check it.
ham,"Hi John, please find the project report attached."
ham,I will send the files later today.
ham,The report is ready for your review.
ham,Your meeting is scheduled for Monday at 10 AM.
ham,Thanks for helping me with the assignment.
spam,You have won a shopping voucher. Redeem it immediately.
spam,Exclusive offer! Get a FREE gift by clicking this link.
ham,Please review the document and share your feedback.
ham,"Thanks, I received your message."
spam,Don't miss this amazing offer. Buy now and save big!
ham,Let's discuss the project after lunch.
spam,Final notice! Claim your prize before it expires.
ham,Please let me know if you need any changes.
ham,The team meeting has been moved to Friday.
ham,The team meeting has been moved to Friday.
ham,Please let me know if you need any changes.
ham,Your interview is confirmed for Friday at 4 PM.
spam,Instant cash reward available. Apply now!
ham,Thank you for your email. I will reply soon.
spam,Special promotion: claim your FREE voucher today.
ham,Let's discuss the project after lunch.
spam,Act now! Your account has won a cash reward.
ham,Your meeting is scheduled for Monday at 11 AM.
ham,I will be available after 3 PM.
ham,Could you please confirm the meeting time?
ham,Please call me when you are free.
ham,Please call me when you are free.
spam,Limited time offer! Get your free coupon today.
ham,I have completed the work. Please check it.
spam,You have won a lottery worth $100. Claim your prize!
ham,Thanks for helping me with the assignment.
spam,Get 70% OFF on all products. Buy now!
ham,The class will start at 4 PM tomorrow.
spam,Get 50% OFF on all products. Buy now!
spam,Get 70% OFF on all products. Buy now!
spam,Don't miss this amazing offer. Buy now and save big!
ham,Can you share the presentation with me?
ham,Please review the document and share your feedback.
spam,Your mobile number has won a lucky draw prize!
ham,The exam timetable has been uploaded.
spam,URGENT! You have been selected for a FREE iPhone. Click here now!
ham,"Hi Sam, please find the project report attached."
ham,Can you share the presentation with me?
spam,Final notice! Claim your prize before it expires.
spam,You have won a lottery worth $10000. Claim your prize!
ham,Your interview is confirmed for Friday at 9 AM.
spam,Instant cash reward available. Apply now!
spam,Don't miss this amazing offer. Buy now and save big!
ham,Please send me the assignment before the deadline.
spam,Congratulations! You have won $2500 cash prize. Claim now!
ham,The exam timetable has been uploaded.
spam,Your FREE subscription is waiting. Activate it today.
spam,Click now and receive your free bonus.
spam,Win a brand new car! Enter the contest today.
spam,Important! Verify your account now to receive your reward.
ham,The class will start at 11 AM tomorrow.
ham,Please send me the assignment before the deadline.
ham,The payment receipt has been sent to your email.
ham,Your appointment is confirmed for tomorrow.
spam,Instant cash reward available. Apply now!
ham,Please send me the assignment before the deadline.
spam,Win a brand new car! Enter the contest today.
spam,URGENT! You have been selected for a FREE iPhone. Click here now!
spam,Your mobile number has won a lucky draw prize!
ham,I will be available after 3 PM.
spam,Get rich quickly with this limited-time opportunity.
spam,Congratulations! You have received a special bonus.
ham,Let's discuss the project after lunch.
spam,Special promotion: claim your FREE voucher today.
spam,Act now! Your account has won a cash reward.
ham,Can you share the presentation with me?
spam,Special promotion: claim your FREE voucher today.
ham,Let's discuss the project after lunch.
ham,Please remember to bring your laptop to the meeting.
ham,The class will start at 4 PM tomorrow.
spam,Congratulations! You are eligible for a special reward.
spam,WIN BIG! Click now to claim your amazing prize.
spam,You have won a shopping voucher. Redeem it immediately.
ham,I will be available after 3 PM.
ham,Your interview is confirmed for Friday at 4 PM.
ham,I have attached the requested documents.
ham,I have attached the requested documents.
spam,Congratulations! You are eligible for a special reward.
ham,The payment receipt has been sent to your email.
spam,You are selected for a $500 reward. Claim immediately!
spam,FREE MONEY! Claim your reward before it expires.
ham,Can we meet tomorrow at 3 PM to discuss the project?
ham,Your order has been shipped and will arrive tomorrow.
ham,Your meeting is scheduled for Monday at 9 AM.
ham,Your interview is confirmed for Friday at 9 AM.
spam,Get 95% OFF on all products. Buy now!
spam,You have won a shopping voucher. Redeem it immediately.
spam,Get 50% OFF on all products. Buy now!
ham,The report is ready for your review.
ham,The report is ready for your review.
spam,Win a brand new car! Enter the contest today.
spam,You are a lucky winner! Send your details to receive the prize.
spam,Your account has been selected for a cash bonus.
ham,I have completed the work. Please check it.
ham,Your package is ready for pickup.
ham,The team meeting has been moved to Friday.
ham,The project deadline is next week.
spam,You have been chosen for an exclusive cash giveaway.
spam,FREE MONEY! Claim your reward before it expires.
spam,Click now and receive your free bonus.
ham,The exam timetable has been uploaded.
spam,Your mobile number has won a lucky draw prize!
spam,You have been chosen for an exclusive cash giveaway.
spam,You have won a lottery worth $2500. Claim your prize!
ham,I have attached the requested documents.
ham,The payment receipt has been sent to your email.
spam,Final notice! Claim your prize before it expires.
ham,The exam timetable has been uploaded.
ham,Thank you for your email. I will reply soon.
ham,I have completed the work. Please check it.
ham,"Hi Sam, please find the project report attached."
ham,Could you please confirm the meeting time?
ham,Could you please confirm the meeting time?
spam,You are a lucky winner! Send your details to receive the prize.
spam,Instant cash reward available. Apply now!
ham,Your order has been shipped and will arrive tomorrow.
spam,You have been chosen for an exclusive cash giveaway.
spam,Your FREE subscription is waiting. Activate it today.
spam,Make $5000 every day from home. Sign up now!
ham,The class will start at 10 AM tomorrow.
spam,You have won a lottery worth $5000. Claim your prize!
spam,Win a brand new car! Enter the contest today.
spam,Your mobile number has won a lucky draw prize!
spam,You are a lucky winner! Send your details to receive the prize.
ham,Thanks for helping me with the assignment.
ham,Let's discuss the project after lunch.
spam,You have been chosen for an exclusive cash giveaway.
ham,Could you please confirm the meeting time?
spam,Free gift available for selected users. Claim now!
ham,Your order has been shipped and will arrive tomorrow.
ham,The report is ready for your review.
spam,Click now and receive your free bonus.
spam,Exclusive winner notification: claim your prize today.
ham,Your appointment is confirmed for tomorrow.
spam,Congratulations! You have won $2500 cash prize. Claim now!
spam,URGENT! You have been selected for a FREE iPhone. Click here now!
spam,Act now! Your account has won a cash reward.
ham,Please remember to bring your laptop to the meeting.
spam,URGENT! You have been selected for a FREE iPhone. Click here now!
spam,Get rich quickly with this limited-time opportunity.
ham,The report is ready for your review.
ham,The exam timetable has been uploaded.
ham,Please let me know if you need any changes.
spam,Instant cash reward available. Apply now!
ham,"Hi Sam, please find the project report attached."
ham,The report is ready for your review.
ham,The requested information is included in the document.
ham,The project deadline is next week.
ham,The project deadline is next week.
ham,Can you share the presentation with me?
spam,Get 80% OFF on all products. Buy now!
spam,FREE MONEY! Claim your reward before it expires.
ham,The exam timetable has been uploaded.
spam,Important! Verify your account now to receive your reward.
spam,Make $500 every day from home. Sign up now!
ham,Your interview is confirmed for Friday at 3 PM.
ham,I will be available after 3 PM.
ham,Your order has been shipped and will arrive tomorrow.
spam,Make $100 every day from home. Sign up now!
ham,I will be available after 3 PM.
ham,Your interview is confirmed for Friday at 11 AM.
ham,Please review the document and share your feedback.
ham,Please update the spreadsheet before the meeting.
spam,Don't miss this amazing offer. Buy now and save big!
spam,You are a lucky winner! Send your details to receive the prize.
ham,The exam timetable has been uploaded.
spam,You are a lucky winner! Send your details to receive the prize.
spam,Win a brand new car! Enter the contest today.
ham,The report is ready for your review.
ham,The project deadline is next week.
spam,Get rich quickly with this limited-time opportunity.
ham,Your appointment is confirmed for tomorrow.
ham,Your meeting is scheduled for Monday at 10 AM.
ham,Your package is ready for pickup.
spam,Your mobile number has won a lucky draw prize!
spam,Final notice! Claim your prize before it expires.
spam,Exclusive offer! Get a FREE gift by clicking this link.
spam,Instant cash reward available. Apply now!
ham,Your meeting is scheduled for Monday at 9 AM.
ham,Can you share the presentation with me?
ham,Thank you for your email. I will reply soon.
ham,I have attached the requested documents.
spam,Important! Verify your account now to receive your reward.
spam,Don't miss this amazing offer. Buy now and save big!
ham,Please call me when you are free.
ham,I have attached the requested documents.
ham,Please let me know if you need any changes.
spam,Win a brand new car! Enter the contest today.
spam,Click now and receive your free bonus.
spam,Special promotion: claim your FREE voucher today.
ham,Can we meet tomorrow at 3 PM to discuss the project?
spam,Your account has been selected for a cash bonus.
spam,Act now! Your account has won a cash reward.
spam,Important! Verify your account now to receive your reward.
spam,Important! Verify your account now to receive your reward.
ham,I will send the files later today.
spam,WIN BIG! Click now to claim your amazing prize.
ham,I have attached the requested documents.
spam,WIN BIG! Click now to claim your amazing prize.
spam,Instant cash reward available. Apply now!
ham,The class will start at 11 AM tomorrow.
spam,FREE MONEY! Claim your reward before it expires.
ham,Let's discuss the project after lunch.
ham,I have completed the work. Please check it.
spam,Congratulations! You have won $10000 cash prize. Claim now!
ham,The requested information is included in the document.
spam,WIN BIG! Click now to claim your amazing prize.
ham,The report is ready for your review.
spam,Don't miss this amazing offer. Buy now and save big!
spam,Congratulations! You have won $500 cash prize. Claim now!
ham,Your package is ready for pickup.
ham,The exam timetable has been uploaded.
spam,Special promotion: claim your FREE voucher today.
spam,Win a brand new car! Enter the contest today.
spam,Your account has been selected for a cash bonus.
spam,You have won a shopping voucher. Redeem it immediately.
spam,Final notice! Claim your prize before it expires.
ham,The team meeting has been moved to Friday.
spam,Get 70% OFF on all products. Buy now!
spam,Limited time offer! Get your free coupon today.
ham,Can you share the presentation with me?
ham,Your package is ready for pickup.
ham,Your package is ready for pickup.
ham,Your appointment is confirmed for tomorrow.
ham,Please let me know if you need any changes.
ham,Thanks for helping me with the assignment.
spam,Don't miss this amazing offer. Buy now and save big!
spam,You are a lucky winner! Send your details to receive the prize.
ham,Please send me the assignment before the deadline.
ham,The class will start at 9 AM tomorrow.
spam,You have won a lottery worth $5000. Claim your prize!
ham,Let's discuss the project after lunch.
spam,Exclusive offer! Get a FREE gift by clicking this link.
ham,Please update the spreadsheet before the meeting.
spam,Get 70% OFF on all products. Buy now!
spam,Get rich quickly with this limited-time opportunity.
spam,FREE MONEY! Claim your reward before it expires.
ham,"Thanks, I received your message."
spam,Exclusive offer! Get a FREE gift by clicking this link.
spam,You have won a lottery worth $100. Claim your prize!
ham,Your interview is confirmed for Friday at 3 PM.
ham,Please call me when you are free.
ham,Your meeting is scheduled for Monday at 10 AM.
spam,You are selected for a $100 reward. Claim immediately!
ham,Your package is ready for pickup.
ham,Please review the document and share your feedback.
spam,Instant cash reward available. Apply now!
spam,Your mobile number has won a lucky draw prize!
spam,You have won a shopping voucher. Redeem it immediately.
ham,Your interview is confirmed for Friday at 11 AM.
spam,Congratulations! You have won $100 cash prize. Claim now!
ham,Thanks for helping me with the assignment.
ham,Your appointment is confirmed for tomorrow.
ham,The project deadline is next week.
spam,URGENT! You have been selected for a FREE iPhone. Click here now!
ham,The class will start at 4 PM tomorrow.
spam,URGENT! You have been selected for a FREE iPhone. Click here now!
ham,Can you share the presentation with me?
ham,Your meeting is scheduled for Monday at 4 PM.
ham,Can you share the presentation with me?
ham,"Hi Amit, please find the project report attached."
ham,I have attached the requested documents.
ham,Please call me when you are free.
spam,Earn money from home with no investment. Join now!
spam,Earn money from home with no investment. Join now!
spam,You have been chosen for an exclusive cash giveaway.
ham,"Hi Neha, please find the project report attached."
spam,Final notice! Claim your prize before it expires.
spam,Limited time offer! Get your free coupon today.
spam,FREE MONEY! Claim your reward before it expires.
spam,FREE MONEY! Claim your reward before it expires.
ham,Your package is ready for pickup.
ham,The requested information is included in the document.
ham,The exam timetable has been uploaded.
ham,Please call me when you are free.
spam,Your FREE subscription is waiting. Activate it today.
ham,The report is ready for your review.
spam,You have won a shopping voucher. Redeem it immediately.
ham,Let's discuss the project after lunch.
ham,Can we meet tomorrow at 9 AM to discuss the project?
spam,URGENT! You have been selected for a FREE iPhone. Click here now!
ham,The class will start at 2 PM tomorrow.
ham,The payment receipt has been sent to your email.
spam,You are a lucky winner! Send your details to receive the prize.
ham,The team meeting has been moved to Friday.
spam,Don't miss this amazing offer. Buy now and save big!
spam,Important! Verify your account now to receive your reward.
ham,Please call me when you are free.
ham,Please remember to bring your laptop to the meeting.
ham,Your package is ready for pickup.
spam,Your mobile number has won a lucky draw prize!
ham,Your meeting is scheduled for Monday at 4 PM.
spam,You have been chosen for an exclusive cash giveaway.
spam,Get 95% OFF on all products. Buy now!
spam,Final notice! Claim your prize before it expires.
ham,The project deadline is next week.
spam,Act now! Your account has won a cash reward.
spam,Congratulations! You have won $500 cash prize. Claim now!
spam,Instant cash reward available. Apply now!
spam,Congratulations! You are eligible for a special reward.
spam,You have won a shopping voucher. Redeem it immediately.
spam,WIN BIG! Click now to claim your amazing prize.
ham,I have attached the requested documents.
ham,Thank you for your email. I will reply soon.
ham,Your meeting is scheduled for Monday at 2 PM.
spam,Click now and receive your free bonus.
spam,Exclusive winner notification: claim your prize today.
spam,You are a lucky winner! Send your details to receive the prize.
ham,Thanks for helping me with the assignment.
ham,Your package is ready for pickup.
ham,The requested information is included in the document.
spam,Your account has been selected for a cash bonus.
spam,Act now! Your account has won a cash reward.
ham,Please update the spreadsheet before the meeting.
spam,Final notice! Claim your prize before it expires.
spam,Free gift available for selected users. Claim now!
spam,Earn money from home with no investment. Join now!
spam,Special promotion: claim your FREE voucher today.
spam,Congratulations! You have received a special bonus.
ham,Please update the spreadsheet before the meeting.
spam,Get 50% OFF on all products. Buy now!
spam,Instant cash reward available. Apply now!
ham,Please let me know if you need any changes.
ham,Your appointment is confirmed for tomorrow.
ham,Your meeting is scheduled for Monday at 11 AM.
spam,Congratulations! You have received a special bonus.
ham,"Thanks, I received your message."
ham,Please remember to bring your laptop to the meeting.
ham,Thank you for your email. I will reply soon.
spam,Limited time offer! Get your free coupon today.
ham,Let's discuss the project after lunch.
spam,You have won a shopping voucher. Redeem it immediately.
spam,WIN BIG! Click now to claim your amazing prize.
ham,Your package is ready for pickup.
spam,URGENT! You have been selected for a FREE iPhone. Click here now!
spam,Your mobile number has won a lucky draw prize!
ham,Your package is ready for pickup.
ham,The requested information is included in the document.
ham,Your order has been shipped and will arrive tomorrow.
ham,I will be available after 3 PM.
spam,Instant cash reward available. Apply now!
spam,Exclusive offer! Get a FREE gift by clicking this link.
spam,Final notice! Claim your prize before it expires.
spam,Congratulations! You are eligible for a special reward.
ham,The team meeting has been moved to Friday.
ham,Please call me when you are free.
ham,Thanks for helping me with the assignment.
spam,Win a brand new car! Enter the contest today.
ham,Your meeting is scheduled for Monday at 2 PM.
spam,Instant cash reward available. Apply now!
spam,Congratulations! You have won $500 cash prize. Claim now!
ham,The payment receipt has been sent to your email.
ham,Please review the document and share your feedback.
spam,You have won a lottery worth $5000. Claim your prize!
ham,Could you please confirm the meeting time?
spam,Your mobile number has won a lucky draw prize!
ham,The exam timetable has been uploaded.
ham,The class will start at 9 AM tomorrow.
ham,Please call me when you are free.
spam,Win a brand new car! Enter the contest today.
ham,Please update the spreadsheet before the meeting.
ham,The team meeting has been moved to Friday.
spam,Instant cash reward available. Apply now!
ham,I will be available after 3 PM.
ham,I will send the files later today.
ham,I will be available after 3 PM.
ham,Your package is ready for pickup.
ham,The project deadline is next week.
ham,The payment receipt has been sent to your email.
ham,Your meeting is scheduled for Monday at 2 PM.
ham,Please update the spreadsheet before the meeting.
spam,Congratulations! You are eligible for a special reward.
spam,Get rich quickly with this limited-time opportunity.
spam,You are a lucky winner! Send your details to receive the prize.
ham,Please let me know if you need any changes.
ham,Please update the spreadsheet before the meeting.
ham,"Hi Sam, please find the project report attached."
ham,Your appointment is confirmed for tomorrow.
spam,Special promotion: claim your FREE voucher today.
ham,Let's discuss the project after lunch.
spam,Get 80% OFF on all products. Buy now!
ham,Please call me when you are free.
spam,FREE MONEY! Claim your reward before it expires.
ham,I have completed the work. Please check it.
spam,You have won a lottery worth $10000. Claim your prize!
ham,The class will start at 10 AM tomorrow.
ham,Please let me know if you need any changes.
spam,WIN BIG! Click now to claim your amazing prize.
spam,Instant cash reward available. Apply now!
spam,FREE MONEY! Claim your reward before it expires.
ham,I will send the files later today.
spam,WIN BIG! Click now to claim your amazing prize.
ham,Could you please confirm the meeting time?
spam,Your account has been selected for a cash bonus.
spam,Exclusive winner notification: claim your prize today.
spam,Free gift available for selected users. Claim now!
ham,I have completed the work. Please check it.
spam,Congratulations! You have received a special bonus.
ham,The project deadline is next week.
ham,Please remember to bring your laptop to the meeting.
spam,You have won a shopping voucher. Redeem it immediately.
spam,Your mobile number has won a lucky draw prize!
spam,Don't miss this amazing offer. Buy now and save big!
spam,URGENT! You have been selected for a FREE iPhone. Click here now!
spam,Congratulations! You are eligible for a special reward.
ham,The report is ready for your review.
ham,Your package is ready for pickup.
ham,The report is ready for your review.
spam,You have been chosen for an exclusive cash giveaway.
ham,Please call me when you are free.
spam,Congratulations! You have won $5000 cash prize. Claim now!
ham,I have completed the work. Please check it.
spam,Your account has been selected for a cash bonus.
spam,Click now and receive your free bonus.
spam,Instant cash reward available. Apply now!
spam,You have won a shopping voucher. Redeem it immediately.
spam,Congratulations! You have won $5000 cash prize. Claim now!
ham,Please update the spreadsheet before the meeting.
spam,Make $2500 every day from home. Sign up now!
ham,I will send the files later today.
spam,Congratulations! You have won $2500 cash prize. Claim now!
spam,Win a brand new car! Enter the contest today.
ham,Please update the spreadsheet before the meeting.
spam,You have won a lottery worth $1000. Claim your prize!
spam,You have been chosen for an exclusive cash giveaway.
spam,Important! Verify your account now to receive your reward.
ham,Can we meet tomorrow at 2 PM to discuss the project?
spam,Click now and receive your free bonus.
spam,Click now and receive your free bonus.
spam,Final notice! Claim your prize before it expires.
ham,I have attached the requested documents.
ham,Please update the spreadsheet before the meeting.
ham,Please send me the assignment before the deadline.
ham,Please review the document and share your feedback.
spam,Limited time offer! Get your free coupon today.
spam,Win a brand new car! Enter the contest today.
ham,Thank you for your email. I will reply soon.
ham,Please review the document and share your feedback.
spam,Your account has been selected for a cash bonus.
ham,I have attached the requested documents.
spam,Exclusive offer! Get a FREE gift by clicking this link.
ham,Please send me the assignment before the deadline.
ham,Your package is ready for pickup.
spam,Congratulations! You are eligible for a special reward.
spam,WIN BIG! Click now to claim your amazing prize.
ham,Please review the document and share your feedback.
ham,The requested information is included in the document.
spam,Your mobile number has won a lucky draw prize!
ham,Your appointment is confirmed for tomorrow.
spam,Your FREE subscription is waiting. Activate it today.
spam,Your FREE subscription is waiting. Activate it today.
spam,Important! Verify your account now to receive your reward.
ham,Thank you for your email. I will reply soon.
spam,Your FREE subscription is waiting. Activate it today.
spam,Click now and receive your free bonus.
spam,Important! Verify your account now to receive your reward.
ham,The exam timetable has been uploaded.
spam,Special promotion: claim your FREE voucher today.
ham,Can we meet tomorrow at 4 PM to discuss the project?
spam,Special promotion: claim your FREE voucher today.
ham,Please remember to bring your laptop to the meeting.
ham,"Thanks, I received your message."
ham,Can we meet tomorrow at 10 AM to discuss the project?
spam,Congratulations! You are eligible for a special reward.
spam,You are a lucky winner! Send your details to receive the prize.
ham,Thanks for helping me with the assignment.
spam,Free gift available for selected users. Claim now!
spam,You have won a shopping voucher. Redeem it immediately.
ham,Your order has been shipped and will arrive tomorrow.
spam,FREE MONEY! Claim your reward before it expires.
spam,Important! Verify your account now to receive your reward.
ham,Please remember to bring your laptop to the meeting.
spam,Your mobile number has won a lucky draw prize!
spam,Exclusive offer! Get a FREE gift by clicking this link.
spam,Don't miss this amazing offer. Buy now and save big!
ham,Please send me the assignment before the deadline.
ham,Please remember to bring your laptop to the meeting.
spam,You have won a lottery worth $10000. Claim your prize!
spam,You have been chosen for an exclusive cash giveaway.
ham,I will send the files later today.
spam,Get 95% OFF on all products. Buy now!
ham,Please remember to bring your laptop to the meeting.
spam,You have won a shopping voucher. Redeem it immediately.
ham,The exam timetable has been uploaded.
ham,Your meeting is scheduled for Monday at 3 PM.
ham,I have completed the work. Please check it.
ham,Can we meet tomorrow at 10 AM to discuss the project?
spam,Exclusive offer! Get a FREE gift by clicking this link.
spam,Click now and receive your free bonus.
spam,Congratulations! You are eligible for a special reward.
spam,Your account has been selected for a cash bonus.
ham,Can you share the presentation with me?
spam,Congratulations! You have received a special bonus.
spam,Important! Verify your account now to receive your reward.
ham,Can you share the presentation with me?
ham,Please remember to bring your laptop to the meeting.
spam,You have won a shopping voucher. Redeem it immediately.
spam,You have been chosen for an exclusive cash giveaway.
spam,Don't miss this amazing offer. Buy now and save big!
ham,The payment receipt has been sent to your email.
spam,Congratulations! You have won $500 cash prize. Claim now!
ham,Please update the spreadsheet before the meeting.
spam,Earn money from home with no investment. Join now!
spam,Earn money from home with no investment. Join now!
spam,Instant cash reward available. Apply now!
spam,Congratulations! You have won $1000 cash prize. Claim now!
ham,Could you please confirm the meeting time?
spam,Get 80% OFF on all products. Buy now!
ham,The exam timetable has been uploaded.
ham,The exam timetable has been uploaded.
spam,Exclusive winner notification: claim your prize today.
ham,Please review the document and share your feedback.
spam,Special promotion: claim your FREE voucher today.
ham,Your interview is confirmed for Friday at 2 PM.
ham,The project deadline is next week.
ham,Please review the document and share your feedback.
spam,Make $100 every day from home. Sign up now!
spam,Free gift available for selected users. Claim now!
spam,Your mobile number has won a lucky draw prize!
spam,You have won a lottery worth $500. Claim your prize!
spam,Final notice! Claim your prize before it expires.
spam,Win a brand new car! Enter the contest today.
ham,"Thanks, I received your message."
ham,"Thanks, I received your message."
ham,Your package is ready for pickup.
spam,You have won a lottery worth $5000. Claim your prize!
ham,Please update the spreadsheet before the meeting.
spam,Instant cash reward available. Apply now!
spam,Important! Verify your account now to receive your reward.
spam,Your FREE subscription is waiting. Activate it today.
ham,The payment receipt has been sent to your email.
ham,I have attached the requested documents.
spam,You are selected for a $2500 reward. Claim immediately!
spam,You are a lucky winner! Send your details to receive the prize.
ham,Please let me know if you need any changes.
spam,FREE MONEY! Claim your reward before it expires.
spam,Earn money from home with no investment. Join now!
ham,Please call me when you are free.
spam,Click now and receive your free bonus.
spam,You are selected for a $1000 reward. Claim immediately!
ham,I have attached the requested documents.
ham,Your meeting is scheduled for Monday at 10 AM.
spam,Limited time offer! Get your free coupon today.
ham,Please update the spreadsheet before the meeting.
spam,Get rich quickly with this limited-time opportunity.
ham,Please send me the assignment before the deadline.
spam,Win a brand new car! Enter the contest today.
ham,Your package is ready for pickup.
ham,Your order has been shipped and will arrive tomorrow.
spam,Important! Verify your account now to receive your reward.
spam,Your FREE subscription is waiting. Activate it today.
spam,Act now! Your account has won a cash reward.
ham,The project deadline is next week.
ham,I will be available after 3 PM.
spam,WIN BIG! Click now to claim your amazing prize.
ham,The requested information is included in the document.
ham,The project deadline is next week.
ham,I will be available after 3 PM.
spam,Important! Verify your account now to receive your reward.
ham,The requested information is included in the document.
spam,You are selected for a $10000 reward. Claim immediately!
spam,URGENT! You have been selected for a FREE iPhone. Click here now!
ham,I have completed the work. Please check it.
ham,I have attached the requested documents.
ham,Please call me when you are free.
ham,Thanks for helping me with the assignment.
spam,Free gift available for selected users. Claim now!
ham,Please send me the assignment before the deadline.
spam,You have won a shopping voucher. Redeem it immediately.
ham,Could you please confirm the meeting time?
ham,The exam timetable has been uploaded.
ham,Thanks for helping me with the assignment.
spam,Congratulations! You have received a special bonus.
ham,Please call me when you are free.
spam,Exclusive offer! Get a FREE gift by clicking this link.
spam,Important! Verify your account now to receive your reward.
ham,Your appointment is confirmed for tomorrow.
spam,Get rich quickly with this limited-time opportunity.
ham,Can we meet tomorrow at 3 PM to discuss the project?
spam,Your FREE subscription is waiting. Activate it today.
ham,Please review the document and share your feedback.
spam,Exclusive winner notification: claim your prize today.
spam,Get rich quickly with this limited-time opportunity.
ham,"Thanks, I received your message."
ham,I have attached the requested documents.
spam,Get 90% OFF on all products. Buy now!
spam,Earn money from home with no investment. Join now!
ham,Thanks for helping me with the assignment.
ham,Your appointment is confirmed for tomorrow.
ham,I will be available after 3 PM.
ham,Your order has been shipped and will arrive tomorrow.
spam,Free gift available for selected users. Claim now!
ham,Let's discuss the project after lunch.
ham,Please call me when you are free.
spam,Exclusive offer! Get a FREE gift by clicking this link.
spam,Get 90% OFF on all products. Buy now!
ham,The requested information is included in the document.
spam,You are selected for a $2500 reward. Claim immediately!
ham,The payment receipt has been sent to your email.
ham,Please send me the assignment before the deadline.
ham,Thanks for helping me with the assignment.
ham,"Thanks, I received your message."
ham,Your appointment is confirmed for tomorrow.
spam,URGENT! You have been selected for a FREE iPhone. Click here now!
spam,Final notice! Claim your prize before it expires.
spam,Get 90% OFF on all products. Buy now!
ham,Please review the document and share your feedback.
ham,Can we meet tomorrow at 11 AM to discuss the project?
spam,You are a lucky winner! Send your details to receive the prize.
spam,Instant cash reward available. Apply now!
spam,Important! Verify your account now to receive your reward.
ham,Your appointment is confirmed for tomorrow.
spam,Important! Verify your account now to receive your reward.
ham,The report is ready for your review.
ham,Thank you for your email. I will reply soon.
spam,You have won a shopping voucher. Redeem it immediately.
spam,Get 95% OFF on all products. Buy now!
spam,Limited time offer! Get your free coupon today.
ham,Thank you for your email. I will reply soon.
ham,Could you please confirm the meeting time?
ham,Can we meet tomorrow at 3 PM to discuss the project?
spam,Win a brand new car! Enter the contest today.
ham,I will send the files later today.
spam,Free gift available for selected users. Claim now!
ham,The requested information is included in the document.
ham,"Thanks, I received your message."
ham,The team meeting has been moved to Friday.
spam,You have won a lottery worth $5000. Claim your prize!
spam,Congratulations! You are eligible for a special reward.
ham,The payment receipt has been sent to your email.
spam,Win a brand new car! Enter the contest today.
spam,Earn money from home with no investment. Join now!
ham,I have completed the work. Please check it.
ham,Can we meet tomorrow at 4 PM to discuss the project?
spam,Act now! Your account has won a cash reward.
spam,You are selected for a $1000 reward. Claim immediately!
spam,Exclusive winner notification: claim your prize today.
ham,I have attached the requested documents.
spam,Make $2500 every day from home. Sign up now!
spam,Important! Verify your account now to receive your reward.
ham,I have attached the requested documents.
ham,I will be available after 3 PM.
ham,Please remember to bring your laptop to the meeting.
ham,Let's discuss the project after lunch.
spam,Instant cash reward available. Apply now!
ham,Your interview is confirmed for Friday at 10 AM.
ham,Let's discuss the project after lunch.
ham,The project deadline is next week.
spam,Special promotion: claim your FREE voucher today.
ham,"Thanks, I received your message."
ham,The project deadline is next week.
spam,Congratulations! You have won $100 cash prize. Claim now!
spam,FREE MONEY! Claim your reward before it expires.
ham,The payment receipt has been sent to your email.
ham,Could you please confirm the meeting time?
ham,I will be available after 3 PM.
spam,URGENT! You have been selected for a FREE iPhone. Click here now!
ham,Can you share the presentation with me?
spam,You have won a shopping voucher. Redeem it immediately.
spam,Instant cash reward available. Apply now!
spam,You are a lucky winner! Send your details to receive the prize.
spam,Instant cash reward available. Apply now!
ham,I will send the files later today.
spam,Earn money from home with no investment. Join now!
ham,Could you please confirm the meeting time?
ham,I will send the files later today.
spam,You have won a shopping voucher. Redeem it immediately.
spam,Free gift available for selected users. Claim now!
spam,You are selected for a $100 reward. Claim immediately!
ham,I have attached the requested documents.
ham,I have completed the work. Please check it.
spam,Free gift available for selected users. Claim now!
spam,Your FREE subscription is waiting. Activate it today.
ham,Please call me when you are free.
spam,URGENT! You have been selected for a FREE iPhone. Click here now!
spam,Exclusive offer! Get a FREE gift by clicking this link.
ham,Please call me when you are free.
spam,Special promotion: claim your FREE voucher today.
ham,Your order has been shipped and will arrive tomorrow.
spam,Limited time offer! Get your free coupon today.
spam,Make $10000 every day from home. Sign up now!
spam,Earn money from home with no investment. Join now!
spam,URGENT! You have been selected for a FREE iPhone. Click here now!
ham,I have completed the work. Please check it.
ham,The payment receipt has been sent to your email.
ham,Let's discuss the project after lunch.
ham,I have completed the work. Please check it.
ham,The exam timetable has been uploaded.
spam,Your mobile number has won a lucky draw prize!
spam,Congratulations! You have won $10000 cash prize. Claim now!
ham,Can we meet tomorrow at 2 PM to discuss the project?
ham,Please let me know if you need any changes.
ham,Can you share the presentation with me?
spam,Win a brand new car! Enter the contest today.
spam,Click now and receive your free bonus.
ham,The payment receipt has been sent to your email.
ham,The team meeting has been moved to Friday.
ham,Thank you for your email. I will reply soon.
spam,Important! Verify your account now to receive your reward.
ham,Please let me know if you need any changes.
spam,Free gift available for selected users. Claim now!
ham,Could you please confirm the meeting time?
ham,Please remember to bring your laptop to the meeting.
ham,I will be available after 3 PM.
ham,Please remember to bring your laptop to the meeting.
ham,Could you please confirm the meeting time?
spam,Exclusive winner notification: claim your prize today.
spam,You have won a lottery worth $1000. Claim your prize!
ham,"Hi Sam, please find the project report attached."
ham,Your appointment is confirmed for tomorrow.
ham,Your package is ready for pickup.
ham,Let's discuss the project after lunch.
ham,Please update the spreadsheet before the meeting.
ham,I have completed the work. Please check it.
spam,Don't miss this amazing offer. Buy now and save big!
spam,Don't miss this amazing offer. Buy now and save big!
ham,I have completed the work. Please check it.
spam,Get rich quickly with this limited-time opportunity.
spam,You have won a lottery worth $2500. Claim your prize!
spam,Get 70% OFF on all products. Buy now!
spam,Exclusive offer! Get a FREE gift by clicking this link.
ham,The report is ready for your review.
spam,Your mobile number has won a lucky draw prize!
spam,Get rich quickly with this limited-time opportunity.
spam,Your account has been selected for a cash bonus.
ham,I have attached the requested documents.
spam,Your FREE subscription is waiting. Activate it today.
spam,Congratulations! You have won $100 cash prize. Claim now!
ham,"Thanks, I received your message."
spam,You have won a lottery worth $1000. Claim your prize!
ham,The project deadline is next week.
spam,Your account has been selected for a cash bonus.
spam,Free gift available for selected users. Claim now!
ham,The class will start at 2 PM tomorrow.
ham,Your appointment is confirmed for tomorrow.
ham,I will be available after 3 PM.
ham,Please let me know if you need any changes.
ham,Your appointment is confirmed for tomorrow.
ham,Thanks for helping me with the assignment.
spam,Congratulations! You have won $500 cash prize. Claim now!
spam,Act now! Your account has won a cash reward.
spam,Click now and receive your free bonus.
ham,I will be available after 3 PM.
spam,Important! Verify your account now to receive your reward.
spam,Exclusive winner notification: claim your prize today.
ham,Please update the spreadsheet before the meeting.
ham,The project deadline is next week.
ham,The project deadline is next week.
ham,Thanks for helping me with the assignment.
spam,Win a brand new car! Enter the contest today.
spam,Free gift available for selected users. Claim now!
ham,The payment receipt has been sent to your email.
spam,Final notice! Claim your prize before it expires.
ham,I will be available after 3 PM.
spam,Earn money from home with no investment. Join now!
ham,Please send me the assignment before the deadline.
spam,Final notice! Claim your prize before it expires.
spam,Final notice! Claim your prize before it expires.
ham,Thank you for your email. I will reply soon.
ham,The team meeting has been moved to Friday.
spam,Limited time offer! Get your free coupon today.
spam,Get rich quickly with this limited-time opportunity.
spam,You are selected for a $1000 reward. Claim immediately!
spam,You have been chosen for an exclusive cash giveaway.
ham,I have attached the requested documents.
spam,Your mobile number has won a lucky draw prize!
ham,The requested information is included in the document.
ham,The class will start at 2 PM tomorrow.
spam,Get 90% OFF on all products. Buy now!
spam,Get 80% OFF on all products. Buy now!
ham,The exam timetable has been uploaded.
ham,Your appointment is confirmed for tomorrow.
ham,The project deadline is next week.
spam,Free gift available for selected users. Claim now!
ham,The payment receipt has been sent to your email.
spam,Get 95% OFF on all products. Buy now!
ham,The requested information is included in the document.
spam,You are selected for a $2500 reward. Claim immediately!
spam,Important! Verify your account now to receive your reward.
spam,You are a lucky winner! Send your details to receive the prize.
spam,Free gift available for selected users. Claim now!
ham,Could you please confirm the meeting time?
spam,Congratulations! You have won $5000 cash prize. Claim now!
ham,Thank you for your email. I will reply soon.
spam,Get 95% OFF on all products. Buy now!
ham,Let's discuss the project after lunch.
ham,The class will start at 9 AM tomorrow.
spam,Get rich quickly with this limited-time opportunity.
spam,Get 80% OFF on all products. Buy now!
spam,FREE MONEY! Claim your reward before it expires.
ham,Please remember to bring your laptop to the meeting.
ham,Your package is ready for pickup.
ham,I have completed the work. Please check it.
spam,Your mobile number has won a lucky draw prize!
spam,FREE MONEY! Claim your reward before it expires.
ham,The project deadline is next week.
ham,Please call me when you are free.
spam,Your FREE subscription is waiting. Activate it today.
ham,The project deadline is next week.
ham,Your order has been shipped and will arrive tomorrow.
ham,"Hi Rahul, please find the project report attached."
spam,Click now and receive your free bonus.
ham,Please review the document and share your feedback.
ham,Your interview is confirmed for Friday at 2 PM.
ham,Thanks for helping me with the assignment.
spam,Get rich quickly with this limited-time opportunity.
spam,Your mobile number has won a lucky draw prize!
spam,You have won a shopping voucher. Redeem it immediately.
spam,Instant cash reward available. Apply now!
ham,Please call me when you are free.
spam,Earn money from home with no investment. Join now!
spam,Get rich quickly with this limited-time opportunity.
spam,Don't miss this amazing offer. Buy now and save big!
spam,FREE MONEY! Claim your reward before it expires.
ham,The report is ready for your review.
ham,Your package is ready for pickup.
spam,FREE MONEY! Claim your reward before it expires.
spam,You are a lucky winner! Send your details to receive the prize.
ham,Please send me the assignment before the deadline.
spam,Your account has been selected for a cash bonus.
ham,Please let me know if you need any changes.
spam,Act now! Your account has won a cash reward.
spam,Congratulations! You have received a special bonus.
spam,URGENT! You have been selected for a FREE iPhone. Click here now!
ham,Please call me when you are free.
spam,Congratulations! You have won $500 cash prize. Claim now!
ham,Can we meet tomorrow at 2 PM to discuss the project?
spam,Congratulations! You are eligible for a special reward.
ham,I will be available after 3 PM.
ham,The report is ready for your review.
spam,Win a brand new car! Enter the contest today.
ham,Could you please confirm the meeting time?
spam,Make $5000 every day from home. Sign up now!
spam,WIN BIG! Click now to claim your amazing prize.
ham,The project deadline is next week.
ham,Please send me the assignment before the deadline.
ham,Let's discuss the project after lunch.
ham,Your order has been shipped and will arrive tomorrow.
spam,Earn money from home with no investment. Join now!
spam,Act now! Your account has won a cash reward.
ham,The team meeting has been moved to Friday.
ham,Your meeting is scheduled for Monday at 11 AM.
ham,The class will start at 11 AM tomorrow.
spam,Limited time offer! Get your free coupon today.
ham,I will send the files later today.
spam,Act now! Your account has won a cash reward.
spam,Don't miss this amazing offer. Buy now and save big!
ham,Thank you for your email. I will reply soon.
spam,Limited time offer! Get your free coupon today.
spam,Instant cash reward available. Apply now!
spam,Congratulations! You have received a special bonus.
spam,Special promotion: claim your FREE voucher today.
spam,Exclusive offer! Get a FREE gift by clicking this link.
ham,The report is ready for your review.
ham,Can you share the presentation with me?
ham,Please send me the assignment before the deadline.
ham,Please let me know if you need any changes.
ham,The team meeting has been moved to Friday.
ham,The requested information is included in the document.
spam,You have won a lottery worth $1000. Claim your prize!
spam,Your FREE subscription is waiting. Activate it today.
ham,Your meeting is scheduled for Monday at 3 PM.
ham,Please update the spreadsheet before the meeting.
ham,Thank you for your email. I will reply soon.
ham,Let's discuss the project after lunch.
spam,Congratulations! You have won $2500 cash prize. Claim now!
spam,Your mobile number has won a lucky draw prize!
spam,Your mobile number has won a lucky draw prize!
ham,The payment receipt has been sent to your email.
ham,Please let me know if you need any changes.
ham,I will send the files later today.
ham,The class will start at 4 PM tomorrow.
ham,The requested information is included in the document.
ham,The class will start at 2 PM tomorrow.
ham,Please update the spreadsheet before the meeting.
spam,Congratulations! You have won $10000 cash prize. Claim now!
spam,You have been chosen for an exclusive cash giveaway.
spam,Exclusive winner notification: claim your prize today.
ham,Thank you for your email. I will reply soon.
ham,Please call me when you are free.
spam,Your mobile number has won a lucky draw prize!
spam,Important! Verify your account now to receive your reward.
ham,Your package is ready for pickup.
spam,You are a lucky winner! Send your details to receive the prize.
spam,Congratulations! You have received a special bonus.
spam,Don't miss this amazing offer. Buy now and save big!
ham,The report is ready for your review.
spam,Make $500 every day from home. Sign up now!
ham,Your package is ready for pickup.
ham,Your interview is confirmed for Friday at 10 AM.
ham,Thank you for your email. I will reply soon.
spam,You are a lucky winner! Send your details to receive the prize.
spam,Limited time offer! Get your free coupon today.
spam,Instant cash reward available. Apply now!
spam,FREE MONEY! Claim your reward before it expires.
ham,Your interview is confirmed for Friday at 9 AM.
ham,Please let me know if you need any changes.
ham,Thanks for helping me with the assignment.
spam,Exclusive winner notification: claim your prize today.
spam,You are selected for a $2500 reward. Claim immediately!
spam,You are a lucky winner! Send your details to receive the prize.
spam,You are selected for a $1000 reward. Claim immediately!
ham,Please let me know if you need any changes.
spam,Click now and receive your free bonus.
spam,Limited time offer! Get your free coupon today.
spam,Win a brand new car! Enter the contest today.
ham,Could you please confirm the meeting time?
ham,Please call me when you are free.
ham,The payment receipt has been sent to your email.
spam,Click now and receive your free bonus.
spam,Don't miss this amazing offer. Buy now and save big!
ham,Your interview is confirmed for Friday at 9 AM.
spam,Your FREE subscription is waiting. Activate it today.
ham,Your order has been shipped and will arrive tomorrow.
spam,Get 90% OFF on all products. Buy now!
ham,Your appointment is confirmed for tomorrow.
ham,I will be available after 3 PM.
ham,The requested information is included in the document.
spam,Congratulations! You are eligible for a special reward.
spam,Free gift available for selected users. Claim now!
ham,The requested information is included in the document.
spam,Your FREE subscription is waiting. Activate it today.
ham,Can you share the presentation with me?
ham,The exam timetable has been uploaded.
ham,Please call me when you are free.
spam,URGENT! You have been selected for a FREE iPhone. Click here now!
spam,Congratulations! You are eligible for a special reward.
spam,Get rich quickly with this limited-time opportunity.
ham,Please remember to bring your laptop to the meeting.
spam,Limited time offer! Get your free coupon today.
spam,Don't miss this amazing offer. Buy now and save big!
ham,Can you share the presentation with me?
spam,Important! Verify your account now to receive your reward.
spam,Final notice! Claim your prize before it expires.
spam,You are a lucky winner! Send your details to receive the prize.
ham,Please remember to bring your laptop to the meeting.
ham,Can we meet tomorrow at 2 PM to discuss the project?
spam,Make $2500 every day from home. Sign up now!
spam,Important! Verify your account now to receive your reward.
ham,The exam timetable has been uploaded.
spam,Congratulations! You are eligible for a special reward.
spam,Final notice! Claim your prize before it expires.
spam,Final notice! Claim your prize before it expires.
ham,Your order has been shipped and will arrive tomorrow.
spam,Exclusive winner notification: claim your prize today.
ham,Let's discuss the project after lunch.
ham,"Thanks, I received your message."
ham,Your interview is confirmed for Friday at 3 PM.
spam,Click now and receive your free bonus.
ham,Your appointment is confirmed for tomorrow.
spam,Special promotion: claim your FREE voucher today.
ham,The exam timetable has been uploaded.
spam,Get rich quickly with this limited-time opportunity.
ham,The exam timetable has been uploaded.
ham,I will be available after 3 PM.
spam,Congratulations! You have received a special bonus.
spam,Congratulations! You have received a special bonus.
ham,I have completed the work. Please check it.
ham,The team meeting has been moved to Friday.
ham,Please remember to bring your laptop to the meeting.
spam,Limited time offer! Get your free coupon today.
spam,WIN BIG! Click now to claim your amazing prize.
spam,WIN BIG! Click now to claim your amazing prize.
ham,Your interview is confirmed for Friday at 4 PM.
spam,Get 95% OFF on all products. Buy now!
ham,Please update the spreadsheet before the meeting.
ham,Your interview is confirmed for Friday at 10 AM.
ham,"Hi Sam, please find the project report attached."
ham,The class will start at 4 PM tomorrow.
spam,Don't miss this amazing offer. Buy now and save big!
ham,The report is ready for your review.
ham,"Hi John, please find the project report attached."
ham,Your appointment is confirmed for tomorrow.
ham,"Hi Priya, please find the project report attached."
ham,Thank you for your email. I will reply soon.
ham,Can you share the presentation with me?
spam,You have won a lottery worth $10000. Claim your prize!
ham,Please let me know if you need any changes.
spam,URGENT! You have been selected for a FREE iPhone. Click here now!
ham,The exam timetable has been uploaded.
ham,Please send me the assignment before the deadline.
ham,I have completed the work. Please check it.
ham,The team meeting has been moved to Friday.
spam,Important! Verify your account now to receive your reward.
spam,Congratulations! You have won $500 cash prize. Claim now!
ham,Your interview is confirmed for Friday at 9 AM.
spam,Special promotion: claim your FREE voucher today.
ham,The exam timetable has been uploaded.
ham,I will be available after 3 PM.
spam,Make $1000 every day from home. Sign up now!
ham,Please remember to bring your laptop to the meeting.
ham,Can we meet tomorrow at 2 PM to discuss the project?
spam,You have won a lottery worth $5000. Claim your prize!
spam,Important! Verify your account now to receive your reward.
spam,Your FREE subscription is waiting. Activate it today.
ham,The exam timetable has been uploaded.
ham,The payment receipt has been sent to your email.
spam,Instant cash reward available. Apply now!
ham,The class will start at 2 PM tomorrow.
ham,The project deadline is next week.
ham,"Hi Sam, please find the project report attached."
ham,Please update the spreadsheet before the meeting.
ham,The report is ready for your review.
spam,Exclusive offer! Get a FREE gift by clicking this link.
spam,Free gift available for selected users. Claim now!
spam,Congratulations! You are eligible for a special reward.
ham,Let's discuss the project after lunch.
spam,URGENT! You have been selected for a FREE iPhone. Click here now!
ham,Please send me the assignment before the deadline.
spam,Get 70% OFF on all products. Buy now!
ham,I will be available after 3 PM.
ham,Thank you for your email. I will reply soon.
spam,Get 70% OFF on all products. Buy now!
spam,You are a lucky winner! Send your details to receive the prize.
ham,Can we meet tomorrow at 11 AM to discuss the project?
spam,Act now! Your account has won a cash reward.
spam,FREE MONEY! Claim your reward before it expires.
spam,You are a lucky winner! Send your details to receive the prize.
ham,Please let me know if you need any changes.
ham,The payment receipt has been sent to your email.
ham,Let's discuss the project after lunch.
ham,Your order has been shipped and will arrive tomorrow.
spam,Act now! Your account has won a cash reward.
ham,Thanks for helping me with the assignment.
spam,Congratulations! You have won $1000 cash prize. Claim now!
ham,I will be available after 3 PM.
spam,Act now! Your account has won a cash reward.
spam,Congratulations! You have won $500 cash prize. Claim now!
spam,Your FREE subscription is waiting. Activate it today.
spam,Click now and receive your free bonus.
spam,Your mobile number has won a lucky draw prize!
spam,Limited time offer! Get your free coupon today.
spam,Special promotion: claim your FREE voucher today.
spam,You are a lucky winner! Send your details to receive the prize.
spam,Congratulations! You are eligible for a special reward.
spam,Exclusive offer! Get a FREE gift by clicking this link.
spam,Exclusive winner notification: claim your prize today.
spam,Instant cash reward available. Apply now!
ham,"Hi Rahul, please find the project report attached."
ham,Can you share the presentation with me?
spam,Limited time offer! Get your free coupon today.
spam,You are a lucky winner! Send your details to receive the prize.
ham,Thank you for your email. I will reply soon.
spam,Free gift available for selected users. Claim now!
spam,Your account has been selected for a cash bonus.
spam,Exclusive offer! Get a FREE gift by clicking this link.
ham,I will be available after 3 PM.
ham,Your order has been shipped and will arrive tomorrow.
ham,Let's discuss the project after lunch.
spam,Get 50% OFF on all products. Buy now!
spam,Earn money from home with no investment. Join now!
spam,Get rich quickly with this limited-time opportunity.
spam,Win a brand new car! Enter the contest today.
ham,Let's discuss the project after lunch.
ham,The class will start at 10 AM tomorrow.
ham,The payment receipt has been sent to your email.
ham,"Hi Neha, please find the project report attached."
spam,You are selected for a $100 reward. Claim immediately!
spam,Earn money from home with no investment. Join now!
spam,You have won a lottery worth $100. Claim your prize!
spam,Exclusive winner notification: claim your prize today.
ham,"Hi Neha, please find the project report attached."
spam,Earn money from home with no investment. Join now!
ham,Can you share the presentation with me?
ham,Please update the spreadsheet before the meeting.
ham,Let's discuss the project after lunch.
spam,Make $1000 every day from home. Sign up now!
spam,Your FREE subscription is waiting. Activate it today.
spam,Your mobile number has won a lucky draw prize!
ham,Your appointment is confirmed for tomorrow.
spam,You are selected for a $500 reward. Claim immediately!
spam,Congratulations! You have received a special bonus.
ham,Your interview is confirmed for Friday at 9 AM.
ham,Thank you for your email. I will reply soon.
ham,Thanks for helping me with the assignment.
ham,Your meeting is scheduled for Monday at 4 PM.
spam,Special promotion: claim your FREE voucher today.
spam,You are a lucky winner! Send your details to receive the prize.
ham,Your appointment is confirmed for tomorrow.
ham,Could you please confirm the meeting time?
ham,"Hi Priya, please find the project report attached."
ham,Please update the spreadsheet before the meeting.
ham,Please let me know if you need any changes.
spam,Don't miss this amazing offer. Buy now and save big!
spam,You are selected for a $2500 reward. Claim immediately!
ham,Your package is ready for pickup.
spam,FREE MONEY! Claim your reward before it expires.
ham,Thank you for your email. I will reply soon.
ham,Please send me the assignment before the deadline.
ham,Your interview is confirmed for Friday at 10 AM.
ham,Could you please confirm the meeting time?
spam,Earn money from home with no investment. Join now!
spam,Free gift available for selected users. Claim now!
ham,Please remember to bring your laptop to the meeting.
spam,Special promotion: claim your FREE voucher today.
spam,Special promotion: claim your FREE voucher today.
ham,I will send the files later today.
ham,Please send me the assignment before the deadline.
ham,I will send the files later today.
ham,Your package is ready for pickup.
ham,Please review the document and share your feedback.
spam,You are selected for a $100 reward. Claim immediately!
ham,The payment receipt has been sent to your email.
ham,Could you please confirm the meeting time?
ham,Please update the spreadsheet before the meeting.
ham,Your appointment is confirmed for tomorrow.
spam,Don't miss this amazing offer. Buy now and save big!
ham,The requested information is included in the document.
ham,I have attached the requested documents.
spam,You have won a shopping voucher. Redeem it immediately.
ham,Thanks for helping me with the assignment.
spam,Congratulations! You have received a special bonus.
ham,Let's discuss the project after lunch.
spam,You have been chosen for an exclusive cash giveaway.
ham,Your package is ready for pickup.
spam,Exclusive offer! Get a FREE gift by clicking this link.
ham,Your package is ready for pickup.
ham,Let's discuss the project after lunch.
ham,Thanks for helping me with the assignment.
spam,Final notice! Claim your prize before it expires.
spam,Don't miss this amazing offer. Buy now and save big!
spam,Win a brand new car! Enter the contest today.
spam,Get rich quickly with this limited-time opportunity.
ham,Your order has been shipped and will arrive tomorrow.
spam,URGENT! You have been selected for a FREE iPhone. Click here now!
spam,Congratulations! You are eligible for a special reward.
spam,Exclusive winner notification: claim your prize today.
ham,The team meeting has been moved to Friday.
ham,Please let me know if you need any changes.
spam,Get rich quickly with this limited-time opportunity.
ham,Please update the spreadsheet before the meeting.
spam,Make $100 every day from home. Sign up now!
spam,Your account has been selected for a cash bonus.
spam,Your FREE subscription is waiting. Activate it today.
spam,You have been chosen for an exclusive cash giveaway.
spam,You have won a shopping voucher. Redeem it immediately.
ham,Can you share the presentation with me?
ham,I have attached the requested documents.
spam,Congratulations! You are eligible for a special reward.
spam,Limited time offer! Get your free coupon today.
spam,Exclusive winner notification: claim your prize today.
ham,The team meeting has been moved to Friday.
ham,Can you share the presentation with me?
spam,FREE MONEY! Claim your reward before it expires.
ham,The project deadline is next week.
ham,Your appointment is confirmed for tomorrow.
ham,I will be available after 3 PM.
spam,Click now and receive your free bonus.
spam,Limited time offer! Get your free coupon today.
spam,URGENT! You have been selected for a FREE iPhone. Click here now!
ham,Your order has been shipped and will arrive tomorrow.
ham,Please remember to bring your laptop to the meeting.
spam,Congratulations! You have won $100 cash prize. Claim now!
spam,Get rich quickly with this limited-time opportunity.
ham,Please call me when you are free.
ham,"Hi Neha, please find the project report attached."
spam,Your mobile number has won a lucky draw prize!
ham,Your meeting is scheduled for Monday at 2 PM.
ham,Let's discuss the project after lunch.
spam,Exclusive winner notification: claim your prize today.
ham,I have attached the requested documents.
ham,Could you please confirm the meeting time?
spam,You are a lucky winner! Send your details to receive the prize.
spam,Congratulations! You have received a special bonus.
spam,URGENT! You have been selected for a FREE iPhone. Click here now!
spam,Get rich quickly with this limited-time opportunity.
ham,The payment receipt has been sent to your email.
spam,Act now! Your account has won a cash reward.
ham,"Thanks, I received your message."
spam,Limited time offer! Get your free coupon today.
spam,Get 70% OFF on all products. Buy now!
ham,The requested information is included in the document.
spam,Don't miss this amazing offer. Buy now and save big!
ham,Your appointment is confirmed for tomorrow.
spam,Get 50% OFF on all products. Buy now!
spam,Don't miss this amazing offer. Buy now and save big!
spam,Earn money from home with no investment. Join now!
spam,Your FREE subscription is waiting. Activate it today.
spam,Your FREE subscription is waiting. Activate it today.
ham,Your appointment is confirmed for tomorrow.
ham,Let's discuss the project after lunch.
ham,Can we meet tomorrow at 2 PM to discuss the project?
ham,Please send me the assignment before the deadline.
ham,Your interview is confirmed for Friday at 4 PM.
spam,Don't miss this amazing offer. Buy now and save big!
spam,Don't miss this amazing offer. Buy now and save big!
ham,The report is ready for your review.
ham,The team meeting has been moved to Friday.
spam,Your mobile number has won a lucky draw prize!
ham,Thank you for your email. I will reply soon.
ham,Please call me when you are free.
ham,Can we meet tomorrow at 11 AM to discuss the project?
spam,Make $500 every day from home. Sign up now!
ham,Could you please confirm the meeting time?
spam,Instant cash reward available. Apply now!
ham,"Hi Neha, please find the project report attached."
spam,Win a brand new car! Enter the contest today.
spam,WIN BIG! Click now to claim your amazing prize.
spam,You have won a shopping voucher. Redeem it immediately.
spam,Act now! Your account has won a cash reward.
ham,Please review the document and share your feedback.
ham,Please update the spreadsheet before the meeting.
ham,Can we meet tomorrow at 10 AM to discuss the project?
ham,Please send me the assignment before the deadline.
ham,Your package is ready for pickup.
ham,Please review the document and share your feedback.
spam,Earn money from home with no investment. Join now!
spam,Limited time offer! Get your free coupon today.
spam,Click now and receive your free bonus.
ham,Please review the document and share your feedback.
ham,Please let me know if you need any changes.
spam,Exclusive winner notification: claim your prize today.
spam,Final notice! Claim your prize before it expires.
ham,Let's discuss the project after lunch.
ham,Please let me know if you need any changes.
ham,I have attached the requested documents.
spam,Final notice! Claim your prize before it expires.
ham,The payment receipt has been sent to your email.
ham,Your package is ready for pickup.
spam,Instant cash reward available. Apply now!
spam,You have won a lottery worth $2500. Claim your prize!
spam,Limited time offer! Get your free coupon today.
ham,The exam timetable has been uploaded.
ham,Let's discuss the project after lunch.
ham,Your package is ready for pickup.
spam,URGENT! You have been selected for a FREE iPhone. Click here now!
spam,WIN BIG! Click now to claim your amazing prize.
ham,Please review the document and share your feedback.
spam,Exclusive offer! Get a FREE gift by clicking this link.
ham,Your meeting is scheduled for Monday at 3 PM.
ham,The team meeting has been moved to Friday.
ham,The requested information is included in the document.
spam,Limited time offer! Get your free coupon today.
ham,I have attached the requested documents.
ham,"Thanks, I received your message."
ham,The class will start at 2 PM tomorrow.
spam,Win a brand new car! Enter the contest today.
spam,Your account has been selected for a cash bonus.
spam,Limited time offer! Get your free coupon today.
ham,Can we meet tomorrow at 9 AM to discuss the project?
